,"Bernard ""Bernie"" Sanders",Donald J. Trump,Evan McMullin,GEO_ID,Gary Johnson,"Gloria Estela
 La Riva",Hillary Clinton,"Jerry
 White","Jill 
Stein",Laurence Kotlikoff,Mike Maturen,S1903_C01_001E,S1903_C01_001M,S1903_C01_002E,S1903_C01_002M,S1903_C01_003E,S1903_C01_003M,S1903_C01_004E,S1903_C01_004M,S1903_C01_005E,S1903_C01_005M,S1903_C01_006E,S1903_C01_006M,S1903_C01_007E,S1903_C01_007M,S1903_C01_008E,S1903_C01_008M,S1903_C01_009E,S1903_C01_009M,S1903_C01_010E,S1903_C01_010M,S1903_C01_011E,S1903_C01_011M,S1903_C01_012E,S1903_C01_012M,S1903_C01_013E,S1903_C01_013M,S1903_C01_014E,S1903_C01_014M,S1903_C01_015E,S1903_C01_015M,S1903_C01_016E,S1903_C01_016M,S1903_C01_017E,S1903_C01_017M,S1903_C01_018E,S1903_C01_018M,S1903_C01_019E,S1903_C01_019M,S1903_C01_020E,S1903_C01_020M,S1903_C01_021E,S1903_C01_021M,S1903_C01_022E,S1903_C01_022M,S1903_C01_023E,S1903_C01_023M,S1903_C01_024E,S1903_C01_024M,S1903_C01_025E,S1903_C01_025M,S1903_C01_026E,S1903_C01_026M,S1903_C01_027E,S1903_C01_027M,S1903_C01_028E,S1903_C01_028M,S1903_C01_029E,S1903_C01_029M,S1903_C01_030E,S1903_C01_030M,S1903_C01_031E,S1903_C01_031M,S1903_C01_032E,S1903_C01_032M,S1903_C01_033E,S1903_C01_033M,S1903_C01_034E,S1903_C01_034M,S1903_C01_035E,S1903_C01_035M,S1903_C01_036E,S1903_C01_036M,S1903_C01_037E,S1903_C01_037M,S1903_C01_038E,S1903_C01_038M,S1903_C01_039E,S1903_C01_039M,S1903_C01_040E,S1903_C01_040M,S1903_C02_001E,S1903_C02_001M,S1903_C02_002E,S1903_C02_002M,S1903_C02_003E,S1903_C02_003M,S1903_C02_004E,S1903_C02_004M,S1903_C02_005E,S1903_C02_005M,S1903_C02_006E,S1903_C02_006M,S1903_C02_007E,S1903_C02_007M,S1903_C02_008E,S1903_C02_008M,S1903_C02_009E,S1903_C02_009M,S1903_C02_010E,S1903_C02_010M,S1903_C02_011E,S1903_C02_011M,S1903_C02_012E,S1903_C02_012M,S1903_C02_013E,S1903_C02_013M,S1903_C02_014E,S1903_C02_014M,S1903_C02_015E,S1903_C02_015M,S1903_C02_016E,S1903_C02_016M,S1903_C02_017E,S1903_C02_017M,S1903_C02_018E,S1903_C02_018M,S1903_C02_019E,S1903_C02_019M,S1903_C02_020E,S1903_C02_020M,S1903_C02_021E,S1903_C02_021M,S1903_C02_022E,S1903_C02_022M,S1903_C02_023E,S1903_C02_023M,S1903_C02_024E,S1903_C02_024M,S1903_C02_025E,S1903_C02_025M,S1903_C02_026E,S1903_C02_026M,S1903_C02_027E,S1903_C02_027M,S1903_C02_028E,S1903_C02_028M,S1903_C02_029E,S1903_C02_029M,S1903_C02_030E,S1903_C02_030M,S1903_C02_031E,S1903_C02_031M,S1903_C02_032E,S1903_C02_032M,S1903_C02_033E,S1903_C02_033M,S1903_C02_034E,S1903_C02_034M,S1903_C02_035E,S1903_C02_035M,S1903_C02_036E,S1903_C02_036M,S1903_C02_037E,S1903_C02_037M,S1903_C02_038E,S1903_C02_038M,S1903_C02_039E,S1903_C02_039M,S1903_C02_040E,S1903_C02_040M,S1903_C03_001E,S1903_C03_001M,S1903_C03_002E,S1903_C03_002M,S1903_C03_003E,S1903_C03_003M,S1903_C03_004E,S1903_C03_004M,S1903_C03_005E,S1903_C03_005M,S1903_C03_006E,S1903_C03_006M,S1903_C03_007E,S1903_C03_007M,S1903_C03_008E,S1903_C03_008M,S1903_C03_009E,S1903_C03_009M,S1903_C03_010E,S1903_C03_010M,S1903_C03_011E,S1903_C03_011M,S1903_C03_012E,S1903_C03_012M,S1903_C03_013E,S1903_C03_013M,S1903_C03_014E,S1903_C03_014M,S1903_C03_015E,S1903_C03_015M,S1903_C03_016E,S1903_C03_016M,S1903_C03_017E,S1903_C03_017M,S1903_C03_018E,S1903_C03_018M,S1903_C03_019E,S1903_C03_019M,S1903_C03_020E,S1903_C03_020M,S1903_C03_021E,S1903_C03_021M,S1903_C03_022E,S1903_C03_022M,S1903_C03_023E,S1903_C03_023M,S1903_C03_024E,S1903_C03_024M,S1903_C03_025E,S1903_C03_025M,S1903_C03_026E,S1903_C03_026M,S1903_C03_027E,S1903_C03_027M,S1903_C03_028E,S1903_C03_028M,S1903_C03_029E,S1903_C03_029M,S1903_C03_030E,S1903_C03_030M,S1903_C03_031E,S1903_C03_031M,S1903_C03_032E,S1903_C03_032M,S1903_C03_033E,S1903_C03_033M,S1903_C03_034E,S1903_C03_034M,S1903_C03_035E,S1903_C03_035M,S1903_C03_036E,S1903_C03_036M,S1903_C03_037E,S1903_C03_037M,S1903_C03_038E,S1903_C03_038M,S1903_C03_039E,S1903_C03_039M,S1903_C03_040E,S1903_C03_040M,winner
Alameda,4206.0,95922.0,1291.0,0500000US06001,16906.0,3162.0,22222222.0,9.0,17830.0,27.0,71.0,572870,1547,274123,1720,72490,1108,3682,340,152916,1375,3732,243,41880,1151,24047,954,93677,1034,230375,1359,15368,741,213196,1523,221950,1573,122356,1079,383468,2054,175375,1862,208093,1817,288502,2330,134501,1662,65812,1440,29671,921,29154,1040,11203,712,149052,1820,94676,1775,85228,1476,33102,988,13264,602,8146,454,37792,1075,119818,2052,175416,2260,50442,1198,189402,1720,101787,1555,77767,1432,24020,880,87615,1700,60306,1466,27309,1070,572870,1547,47.9,0.3,12.7,0.2,0.6,0.1,26.7,0.2,0.7,0.1,7.3,0.2,4.2,0.2,16.4,0.2,40.2,0.2,2.7,0.1,37.2,0.3,38.7,0.3,21.4,0.2,383468,2054,45.7,0.4,54.3,0.4,75.2,0.5,35.1,0.4,17.2,0.4,7.7,0.2,7.6,0.3,2.9,0.2,38.9,0.4,24.7,0.4,22.2,0.4,8.6,0.3,3.5,0.2,2.1,0.1,9.9,0.3,31.2,0.5,45.7,0.5,13.2,0.3,189402,1720,53.7,0.7,41.1,0.7,12.7,0.5,46.3,0.7,31.8,0.7,14.4,0.5,92574,1023,101942,1035,49367,1733,63022,5299,116200,1742,79824,6577,70027,2586,87650,4911,72438,1565,108277,1318,42139,3516,104385,1456,107034,1519,58065,1375,111231,1163,115428,1788,108360,1485,132412,1645,141909,2477,54938,1373,40404,2573,70808,3253,55664,4156,95443,1617,114209,3109,135872,3207,113196,3535,117586,6068,117147,7655,40495,1805,75319,1588,143342,1945,147248,2645,55966,1534,50699,1508,40134,1319,95265,4335,63577,1372,51376,1148,102616,3109,Hillary Clinton
Alpine,1.0,217.0,1.0,0500000US06003,25.0,3.0,334.0,0.0,21.0,0.0,0.0,299,67,242,51,0,12,42,37,1,2,0,12,0,12,14,13,13,11,234,49,3,4,51,28,97,35,148,43,177,45,42,27,135,32,145,34,28,18,27,18,13,13,5,7,1,3,110,28,14,15,25,22,17,12,8,6,3,5,65,24,52,27,52,27,8,8,122,42,68,33,62,33,6,6,54,24,44,23,10,9,299,67,80.9,11.6,0.0,11.0,14.0,11.2,0.3,0.8,0.0,11.0,0.0,11.0,4.7,4.3,4.3,3.6,78.3,11.7,1.0,1.3,17.1,8.2,32.4,9.4,49.5,11.4,177,45,23.7,12.1,76.3,12.1,81.9,10.3,15.8,8.6,15.3,8.7,7.3,6.8,2.8,4.0,0.6,1.6,62.1,13.1,7.9,8.0,14.1,11.6,9.6,6.4,4.5,3.3,1.7,2.5,36.7,12.4,29.4,13.4,29.4,12.5,4.5,4.1,122,42,55.7,16.6,50.8,17.0,4.9,5.4,44.3,16.6,36.1,15.7,8.2,7.0,64688,12933,69063,12900,-,**,40417,25677,-,**,-,**,-,**,-,**,31250,13824,69375,12843,-,**,93750,57579,-,**,68500,20723,82813,19887,107813,25232,77188,18260,104250,30003,112500,45362,36563,10305,-,**,-,**,-,**,85000,20434,31250,13089,-,**,108906,11880,51250,42896,-,**,106563,60340,66250,19670,105000,43282,-,**,31932,21662,32000,22793,32045,26686,-,**,31786,31713,31786,29529,-,**,
Amador,100.0,10485.0,59.0,0500000US06005,804.0,55.0,6004.0,0.0,227.0,0.0,0.0,14090,432,13147,405,30,35,92,51,154,66,14,30,253,123,400,113,1103,164,12376,396,64,44,2764,288,5445,323,5817,261,9446,427,2929,281,6517,303,7741,373,2113,251,1015,230,516,165,690,215,300,126,5415,337,1619,241,1598,209,515,172,182,74,117,60,2566,251,3002,299,3079,355,799,173,4644,380,2598,269,2258,281,340,112,2046,252,1757,238,289,103,14090,432,93.3,1.2,0.2,0.2,0.7,0.4,1.1,0.5,0.1,0.2,1.8,0.9,2.8,0.8,7.8,1.1,87.8,1.4,0.5,0.3,19.6,1.7,38.6,2.1,41.3,1.8,9446,427,31.0,2.2,69.0,2.2,82.0,3.0,22.4,2.4,10.7,2.3,5.5,1.7,7.3,2.2,3.2,1.3,57.3,2.7,17.1,2.3,16.9,2.3,5.5,1.7,1.9,0.8,1.2,0.6,27.2,2.7,31.8,2.7,32.6,3.3,8.5,1.8,4644,380,55.9,3.8,48.6,4.5,7.3,2.4,44.1,3.8,37.8,3.8,6.2,2.2,61198,3241,60564,3725,-,**,-,**,72188,40739,-,**,66680,38485,56765,10324,80958,24336,59637,4228,-,**,64191,11457,71581,5698,48977,3551,74553,3660,77060,14511,73838,2838,81250,5287,97341,10821,34246,13076,30974,2982,50500,16033,50991,7193,70091,5610,75603,10479,98581,15883,91344,29905,54954,41388,119125,112696,53125,5735,58276,9994,93906,7446,114303,18302,29224,2241,28449,2525,26160,3456,68415,9133,30473,2694,28284,3859,43631,12811,
Butte,782.0,45144.0,340.0,0500000US06007,4625.0,501.0,41567.0,1.0,2594.0,0.0,10.0,86797,860,75685,887,982,176,1005,175,2672,262,64,50,2883,336,3506,310,9902,471,69556,801,7431,468,24013,607,30392,680,24961,532,51436,974,20145,700,31291,874,37186,863,13300,633,9872,585,4744,419,4378,465,2101,300,26446,833,10082,595,9213,661,4061,402,972,168,662,141,10959,584,17772,847,19052,824,3653,354,35361,1042,19008,763,14016,787,4992,447,16353,736,11083,629,5270,487,86797,860,87.2,0.6,1.1,0.2,1.2,0.2,3.1,0.3,0.1,0.1,3.3,0.4,4.0,0.4,11.4,0.5,80.1,0.5,8.6,0.5,27.7,0.6,35.0,0.7,28.8,0.6,51436,974,39.2,1.2,60.8,1.2,72.3,1.2,25.9,1.1,19.2,1.0,9.2,0.8,8.5,0.9,4.1,0.6,51.4,1.3,19.6,1.1,17.9,1.2,7.9,0.8,1.9,0.3,1.3,0.3,21.3,1.1,34.6,1.5,37.0,1.4,7.1,0.7,35361,1042,53.8,1.5,39.6,1.8,14.1,1.3,46.2,1.5,31.3,1.4,14.9,1.3,48443,1477,49998,1673,30094,8267,41691,10341,41981,6134,96630,29101,43014,3763,38779,4091,41843,2471,51185,1830,23845,3747,54725,3808,61169,2448,40679,2161,63825,1596,61130,3438,65255,1963,76778,2164,83977,4525,33167,3510,24143,2813,45241,4692,38346,8815,59798,2957,60357,4289,75559,3555,73785,7594,67400,16569,91944,16965,38776,3351,52352,2549,86760,3546,106692,7778,27205,1634,25863,2122,21350,1530,41151,3156,29554,3116,23359,1635,45953,5426,
Calaveras,75.0,13511.0,22.0,0500000US06009,1104.0,56.0,7944.0,0.0,424.0,0.0,0.0,17417,434,16254,435,90,74,210,105,216,86,35,18,127,74,485,154,1244,183,15140,443,228,105,2784,290,7131,391,7274,333,11776,528,2926,387,8850,472,9070,559,1795,275,1739,378,617,239,967,227,514,167,7149,513,2326,351,1216,221,746,205,254,147,85,83,3523,419,3554,442,3834,384,865,267,5641,426,2627,308,2181,298,446,168,3014,366,2410,337,604,162,17417,434,93.3,1.1,0.5,0.4,1.2,0.6,1.2,0.5,0.2,0.1,0.7,0.4,2.8,0.9,7.1,1.1,86.9,1.4,1.3,0.6,16.0,1.5,40.9,1.9,41.8,1.9,11776,528,24.8,2.9,75.2,2.9,77.0,3.7,15.2,2.3,14.8,3.1,5.2,2.0,8.2,1.8,4.4,1.4,60.7,3.3,19.8,2.8,10.3,1.8,6.3,1.8,2.2,1.3,0.7,0.7,29.9,3.1,30.2,3.5,32.6,3.1,7.3,2.3,5641,426,46.6,4.7,38.7,4.5,7.9,3.0,53.4,4.7,42.7,4.8,10.7,2.7,58151,3310,59561,3927,-,**,58452,35557,37963,12889,-,**,41161,29126,27307,17042,64038,27145,59309,3795,49459,24945,55221,16275,78556,5589,49260,3041,78161,5862,61311,13157,81128,3271,86705,5392,90444,9726,44974,3797,-,**,41683,16998,28258,26094,72063,8664,83788,16113,79292,17235,81059,46294,83667,64991,84543,45810,47177,6524,59938,11185,100464,6133,145720,21047,33910,3993,31781,3050,30225,4505,43975,7904,39489,8291,33071,8539,59500,12269,
Colusa,24.0,3551.0,12.0,0500000US06011,260.0,39.0,2661.0,0.0,85.0,0.0,0.0,7113,174,6315,179,138,43,98,52,123,42,13,15,300,101,126,46,3270,161,3404,145,216,84,2327,162,2689,160,1881,132,5466,216,2837,213,2629,207,4062,237,1895,194,795,155,551,136,609,134,391,119,2233,201,1052,167,1076,209,689,167,304,102,112,55,827,129,1601,188,2287,243,751,164,1647,183,850,122,764,122,86,41,797,127,682,128,115,52,7113,174,88.8,1.7,1.9,0.6,1.4,0.7,1.7,0.6,0.2,0.2,4.2,1.4,1.8,0.6,46.0,2.0,47.9,1.8,3.0,1.2,32.7,2.1,37.8,2.1,26.4,1.9,5466,216,51.9,3.3,48.1,3.3,74.3,3.3,34.7,3.3,14.5,2.7,10.1,2.4,11.1,2.4,7.2,2.2,40.9,3.3,19.2,2.9,19.7,3.7,12.6,3.0,5.6,1.9,2.0,1.0,15.1,2.2,29.3,3.4,41.8,4.0,13.7,3.0,1647,183,51.6,5.1,46.4,5.3,5.2,2.5,48.4,5.1,41.4,5.4,7.0,3.3,56704,4501,56696,4995,-,**,69167,33102,-,**,-,**,54211,21180,63269,12101,56375,8756,56609,4022,26429,14933,60503,6360,68010,4679,42171,4190,64177,3543,57645,6637,77201,9919,76189,5906,70744,5660,25729,7335,21484,3144,36544,11553,32417,14890,61504,6057,60536,8167,71493,8236,62411,11352,79250,12430,83472,27486,35461,8836,41377,3202,79127,3623,88208,8124,30293,4741,28393,6937,25438,6324,65938,31704,31139,4888,27333,8801,67621,25084,
Contra Costa,3204.0,115956.0,1355.0,0500000US06013,16123.0,1566.0,319287.0,0.0,8637.0,11.0,36.0,392277,1405,250537,1748,34458,967,1734,225,58220,951,1490,209,27644,995,18194,800,72153,1059,211708,1511,7390,633,121109,1309,166487,1304,97291,1097,282085,2128,127996,1496,154089,1594,215025,2317,96123,1655,47896,1402,23523,1073,19164,1026,8350,675,114433,1558,65682,1809,58866,1611,27580,1073,9438,684,6086,487,34742,1154,90657,1741,118342,1996,38344,1148,110192,1861,63028,1412,51870,1290,11158,751,47164,1387,34405,1228,12759,913,392277,1405,63.9,0.4,8.8,0.2,0.4,0.1,14.8,0.2,0.4,0.1,7.0,0.2,4.6,0.2,18.4,0.3,54.0,0.4,1.9,0.2,30.9,0.3,42.4,0.3,24.8,0.3,282085,2128,45.4,0.4,54.6,0.4,76.2,0.6,34.1,0.5,17.0,0.5,8.3,0.4,6.8,0.3,3.0,0.2,40.6,0.5,23.3,0.6,20.9,0.5,9.8,0.4,3.3,0.2,2.2,0.2,12.3,0.4,32.1,0.6,42.0,0.6,13.6,0.4,110192,1861,57.2,1.0,47.1,1.0,10.1,0.7,42.8,1.0,31.2,1.0,11.6,0.8,93712,926,100460,1184,61768,3159,73008,8984,112588,2981,89818,8604,62996,3698,80179,2571,69126,1790,105826,1092,44084,4303,96817,1788,111083,1605,66328,1263,107907,1187,108399,2063,107543,1308,127156,1321,134916,2883,55559,2066,41166,2018,72781,3976,70515,6696,97541,1652,108506,3218,129702,3241,115065,7722,108262,7029,110324,14809,52738,2540,83574,2323,135247,2426,140660,4302,55976,1372,49481,1615,43318,1584,89649,5257,65123,2960,53677,2523,95956,4509,
Del Norte,139.0,5134.0,58.0,0500000US06015,416.0,81.0,3485.0,0.0,245.0,0.0,0.0,9799,314,8072,279,170,117,576,125,232,70,0,23,302,122,447,140,990,160,7506,276,258,100,2629,266,3837,239,3075,163,6039,298,2390,248,3649,264,4305,326,1531,207,1374,253,736,189,360,138,123,81,3131,269,1272,239,841,165,418,154,236,92,141,75,1478,190,2411,309,1794,278,356,137,3760,322,1992,257,1811,250,181,82,1768,269,1341,231,427,151,9799,314,82.4,2.3,1.7,1.2,5.9,1.3,2.4,0.7,0.0,0.4,3.1,1.2,4.6,1.4,10.1,1.5,76.6,2.5,2.6,1.0,26.8,2.3,39.2,2.4,31.4,1.7,6039,298,39.6,3.5,60.4,3.5,71.3,4.2,25.4,3.1,22.8,4.0,12.2,3.0,6.0,2.3,2.0,1.3,51.8,4.0,21.1,3.9,13.9,2.6,6.9,2.4,3.9,1.5,2.3,1.2,24.5,3.2,39.9,4.4,29.7,4.3,5.9,2.3,3760,322,53.0,5.6,48.2,5.3,4.8,2.2,47.0,5.6,35.7,5.0,11.4,3.9,45258,5035,47039,6431,56226,35135,30500,16641,80735,63564,-,**,32759,15390,45718,14764,37348,10146,47969,7006,22745,7729,53118,4139,44753,10049,41294,6034,57654,5499,51958,9360,63994,5885,68685,4653,61616,10624,31134,4435,28095,10737,44524,16839,21270,2099,57238,11433,57391,17683,65684,17038,55372,2724,60774,9407,60139,25170,30700,7278,51847,7546,79070,5695,83929,34507,27083,4154,27366,7529,25781,8832,55446,45697,26934,6921,22819,8164,52740,21131,
El Dorado,713.0,49247.0,578.0,0500000US06017,5027.0,190.0,36404.0,0.0,1425.0,3.0,4.0,69172,735,62946,699,394,86,466,152,2489,223,99,40,847,196,1931,284,5931,361,58183,698,1156,255,15678,547,30702,516,21636,498,48535,837,17503,576,31032,730,40604,804,13674,508,5433,478,2623,334,2498,363,1206,264,25947,860,9193,634,8578,572,3219,396,1033,184,565,150,9334,526,15398,762,19627,753,4176,451,20637,878,10919,612,8918,582,2001,312,9718,662,7326,622,2392,320,69172,735,91.0,0.6,0.6,0.1,0.7,0.2,3.6,0.3,0.1,0.1,1.2,0.3,2.8,0.4,8.6,0.5,84.1,0.7,1.7,0.4,22.7,0.7,44.4,0.7,31.3,0.6,48535,837,36.1,1.0,63.9,1.0,83.7,1.1,28.2,1.0,11.2,0.9,5.4,0.7,5.1,0.7,2.5,0.5,53.5,1.5,18.9,1.2,17.7,1.2,6.6,0.8,2.1,0.4,1.2,0.3,19.2,1.0,31.7,1.5,40.4,1.3,8.6,0.9,20637,878,52.9,2.3,43.2,2.3,9.7,1.5,47.1,2.3,35.5,2.3,11.6,1.5,80582,2117,80035,2207,91250,46727,61250,52676,122314,22055,57788,30746,52938,4073,73277,16863,70684,6442,80514,2086,40559,5128,83829,4314,101742,3768,57282,4155,99248,2683,107339,5223,94845,2747,107169,2483,123874,3860,51096,4449,36358,8993,63852,9796,54417,27231,85599,3267,106091,6655,121154,7978,119464,13181,153625,43715,120875,39575,58131,6840,82420,3827,123620,3073,152579,14242,40833,2251,39143,2461,32861,3906,69583,12848,44399,5324,35946,5214,67183,7536,
Fresno,1417.0,124049.0,1070.0,0500000US06019,9246.0,875.0,141341.0,1.0,4300.0,3.0,17.0,304624,1206,209156,1924,16536,597,3405,377,25841,663,400,110,40345,1314,8941,643,134191,1257,121347,1138,11838,568,113342,1174,111851,974,67593,959,221080,1762,110079,1485,111001,1708,142835,1973,66136,1635,54277,1728,31712,1254,23968,1122,12231,889,78533,1699,49130,1522,42721,1321,27666,1026,13839,678,9191,656,31088,982,82436,1780,80525,1781,27031,1021,83544,1572,43947,1171,36403,1144,7544,524,39597,1145,29889,1055,9708,615,304624,1206,68.7,0.6,5.4,0.2,1.1,0.1,8.5,0.2,0.1,0.1,13.2,0.4,2.9,0.2,44.1,0.4,39.8,0.3,3.9,0.2,37.2,0.3,36.7,0.3,22.2,0.3,221080,1762,49.8,0.6,50.2,0.6,64.6,0.7,29.9,0.7,24.6,0.7,14.3,0.6,10.8,0.5,5.5,0.4,35.5,0.7,22.2,0.6,19.3,0.6,12.5,0.5,6.3,0.3,4.2,0.3,14.1,0.4,37.3,0.7,36.4,0.8,12.2,0.5,83544,1572,52.6,1.0,43.6,1.1,9.0,0.6,47.4,1.0,35.8,1.0,11.6,0.7,51261,808,54468,882,32571,3035,40022,7864,61069,4004,47000,28848,38685,1601,49073,3494,41192,787,66362,1272,26480,1953,51218,1300,62474,1258,42052,1009,57015,1265,46209,1533,66424,1503,75104,1365,69697,2479,29192,1099,21668,1177,40501,1668,34083,2873,57159,1733,52141,1897,62065,2705,56752,2773,58657,3397,57042,4522,23350,1505,39359,1571,79888,2150,92895,2986,31496,626,27539,1172,24719,1226,46548,5095,36320,1578,31565,1003,55144,3223,
Glenn,58.0,5788.0,31.0,0500000US06021,375.0,54.0,3065.0,0.0,97.0,0.0,2.0,10017,225,8650,287,46,59,228,95,293,109,12,21,613,212,175,83,3187,211,6221,220,298,140,3178,281,3794,177,2747,159,7390,339,3324,237,4066,333,5596,387,2401,242,1222,291,684,230,572,147,239,84,3244,315,1351,262,1668,278,745,164,299,109,83,57,1497,216,2553,334,2408,272,932,194,2627,276,1386,220,1191,212,195,78,1241,227,1007,217,234,76,10017,225,86.4,2.3,0.5,0.6,2.3,0.9,2.9,1.1,0.1,0.2,6.1,2.1,1.7,0.8,31.8,1.9,62.1,2.0,3.0,1.4,31.7,2.5,37.9,1.8,27.4,1.6,7390,339,45.0,3.1,55.0,3.1,75.7,4.2,32.5,3.2,16.5,3.8,9.3,3.1,7.7,2.0,3.2,1.1,43.9,3.2,18.3,3.3,22.6,3.8,10.1,2.2,4.0,1.5,1.1,0.8,20.3,2.8,34.5,3.8,32.6,3.5,12.6,2.7,2627,276,52.8,6.7,45.3,6.9,7.4,2.8,47.2,6.7,38.3,6.8,8.9,2.8,47395,3209,47540,3536,-,**,38462,16546,-,**,-,**,41968,10792,-,**,43845,4736,49539,3885,18125,17503,50731,5147,53561,5454,37544,5911,55364,3707,54389,6534,55833,3980,64345,4545,67837,9087,25486,3378,25046,6264,48446,11331,40203,15069,53424,4846,40795,4438,64477,15530,63750,21149,73413,37535,73750,68621,24856,3869,47610,4916,67097,9784,94329,3760,19680,2250,16555,3408,15083,3612,-,**,28844,10637,21297,5443,45479,4601,
Humboldt,1264.0,18373.0,181.0,0500000US06023,2163.0,379.0,33200.0,0.0,3681.0,0.0,5.0,54267,676,46207,673,559,185,2311,268,1140,162,204,149,1602,297,2244,356,4015,333,44324,593,3644,356,16646,443,19229,514,14748,327,30101,794,12260,545,17841,658,20626,736,7172,482,6034,474,3125,395,3441,410,1963,311,16360,691,5559,485,5175,487,1884,304,656,171,467,155,5367,405,11069,634,11307,774,2358,286,24166,804,12075,540,9231,536,2844,300,12091,659,8687,636,3404,383,54267,676,85.1,0.8,1.0,0.3,4.3,0.5,2.1,0.3,0.4,0.3,3.0,0.5,4.1,0.6,7.4,0.6,81.7,0.8,6.7,0.6,30.7,0.7,35.4,0.8,27.2,0.7,30101,794,40.7,1.5,59.3,1.5,68.5,1.8,23.8,1.5,20.0,1.4,10.4,1.3,11.4,1.3,6.5,1.0,54.4,1.5,18.5,1.6,17.2,1.5,6.3,1.0,2.2,0.6,1.6,0.5,17.8,1.2,36.8,2.0,37.6,2.1,7.8,1.0,24166,804,50.0,1.9,38.2,1.9,11.8,1.2,50.0,1.9,35.9,2.0,14.1,1.6,45528,1359,47445,1563,30257,13812,30957,7515,47266,11683,-,**,38594,6498,35357,9589,41250,4252,47889,1560,23103,2250,46102,2571,52504,2974,45268,2535,60961,1790,50039,2514,67772,2964,74475,2267,73194,4332,35942,2011,27336,4836,47159,10465,33266,5733,60525,2209,60113,4052,67987,11775,59188,6393,59167,23251,60451,20997,43450,3477,44933,3236,80567,6673,91786,17487,27314,1378,27099,1555,24398,1841,41496,3762,27730,2984,22360,2568,40833,5530,
Imperial,291.0,12704.0,81.0,0500000US06025,1221.0,339.0,32667.0,0.0,745.0,0.0,43.0,44057,845,30365,792,884,199,517,94,846,153,38,52,9978,560,1429,234,34033,803,7749,359,921,213,14173,710,18048,655,10915,507,33880,870,15296,785,18584,635,22135,1003,9886,702,8650,583,4188,464,3095,400,1222,245,11125,633,7635,637,7464,597,4043,344,2037,344,1576,301,5664,413,12979,704,11213,680,4024,401,10177,697,5304,497,4786,453,518,137,4873,494,4031,468,842,204,44057,845,68.9,1.2,2.0,0.5,1.2,0.2,1.9,0.3,0.1,0.1,22.6,1.2,3.2,0.5,77.2,0.8,17.6,0.8,2.1,0.5,32.2,1.4,41.0,1.4,24.8,1.1,33880,870,45.1,1.7,54.9,1.7,65.3,2.0,29.2,1.7,25.5,1.7,12.4,1.3,9.1,1.2,3.6,0.7,32.8,1.8,22.5,1.7,22.0,1.7,11.9,1.0,6.0,1.0,4.7,0.9,16.7,1.2,38.3,1.7,33.1,1.7,11.9,1.2,10177,697,52.1,3.5,47.0,3.2,5.1,1.3,47.9,3.5,39.6,3.3,8.3,2.0,45834,1861,47872,2740,24435,7375,53125,19430,86667,23328,-,**,42051,3129,47563,14074,43321,2177,62716,7540,22548,10946,54634,4694,52765,4209,28887,2047,52809,2725,50333,4652,54292,3383,64862,2535,69672,5511,27654,3108,19186,3728,45837,6032,40815,12333,43329,3219,45903,5417,61946,4647,65156,5580,67849,12029,72078,15182,20205,1818,39197,2441,71935,4050,93808,9555,20969,2714,16118,1469,15085,1728,38000,22221,31197,7621,28353,7502,55058,16497,
Inyo,66.0,4248.0,24.0,0500000US06027,328.0,51.0,3155.0,0.0,214.0,0.0,0.0,8083,212,6784,180,35,28,786,76,204,70,11,4,119,66,144,64,1177,116,5800,152,217,79,2047,173,3125,194,2694,134,4300,266,1432,166,2868,199,3211,215,905,125,806,183,387,147,283,94,140,73,2626,228,701,124,676,130,220,67,63,42,14,10,1056,164,1238,189,1682,191,324,88,3783,266,2049,229,1714,225,335,95,1734,191,1527,184,207,66,8083,212,83.9,1.5,0.4,0.3,9.7,0.9,2.5,0.9,0.1,0.1,1.5,0.8,1.8,0.8,14.6,1.3,71.8,1.5,2.7,1.0,25.3,1.9,38.7,2.3,33.3,1.6,4300,266,33.3,2.9,66.7,2.9,74.7,4.4,21.0,2.8,18.7,3.7,9.0,3.2,6.6,2.1,3.3,1.7,61.1,2.9,16.3,2.8,15.7,2.8,5.1,1.6,1.5,1.0,0.3,0.2,24.6,3.4,28.8,3.9,39.1,3.7,7.5,2.1,3783,266,54.2,4.3,45.3,4.6,8.9,2.5,45.8,4.3,40.4,4.3,5.5,1.7,52874,3230,53490,3286,72019,26649,41622,3017,-,**,53750,32932,69083,14292,66944,51432,45660,10955,54684,4408,31587,17558,58815,7918,68454,2843,42837,4298,70846,4818,69968,6631,71198,5688,83551,6845,87756,9178,46318,6165,39464,24839,45298,13642,37500,23974,67623,5688,65089,18209,74593,7617,93611,14535,73672,28638,74375,31303,40865,7208,55455,15087,88664,7768,88906,39749,35848,5475,33351,2500,30338,4962,64688,31235,44688,6808,41989,8495,62083,25726,
Kern,1199.0,129584.0,891.0,0500000US06029,9359.0,1522.0,98689.0,2.0,2887.0,3.0,27.0,267913,1297,209518,1554,14039,524,2474,278,11663,536,338,106,22946,1039,6935,579,114373,1265,122060,1184,10607,690,101254,1250,102224,1192,53828,853,200379,1971,103738,1761,96641,1687,136858,1938,68134,1512,43420,1474,25118,1276,20101,1084,10486,919,69867,1707,41952,1581,43324,1449,26110,1142,11966,779,7160,568,31311,1138,74344,1715,72586,1529,22138,1128,67534,1712,32976,1072,27151,1066,5825,554,34558,1300,26551,1101,8007,637,267913,1297,78.2,0.5,5.2,0.2,0.9,0.1,4.4,0.2,0.1,0.1,8.6,0.4,2.6,0.2,42.7,0.4,45.6,0.4,4.0,0.3,37.8,0.4,38.2,0.4,20.1,0.3,200379,1971,51.8,0.7,48.2,0.7,68.3,0.8,34.0,0.7,21.7,0.7,12.5,0.6,10.0,0.5,5.2,0.4,34.9,0.8,20.9,0.7,21.6,0.7,13.0,0.6,6.0,0.4,3.6,0.3,15.6,0.5,37.1,0.8,36.2,0.7,11.0,0.6,67534,1712,48.8,1.2,40.2,1.3,8.6,0.8,51.2,1.2,39.3,1.2,11.9,0.9,52479,729,53153,774,36439,2864,51071,6994,71620,4852,67656,63069,48878,2108,52194,5666,43662,1061,63483,1448,30292,2321,54150,1227,61606,1449,39418,1403,57015,1115,50366,1450,63861,1322,72176,1683,68326,2104,27296,1236,20845,977,41617,3545,37938,3993,55584,1797,56076,2171,60033,3146,57594,3982,53508,3392,65997,5627,25027,1276,41581,1098,80158,2576,93881,2741,32152,1140,27813,1427,25419,1149,45130,4135,37424,1842,34081,2411,53296,8780,
Kings,115.0,18093.0,90.0,0500000US06031,1338.0,251.0,13617.0,0.0,411.0,0.0,0.0,42735,539,30943,601,2375,341,604,179,1836,233,60,34,5843,516,1074,248,19103,460,18397,491,2124,306,17558,557,14578,442,8475,330,32786,709,17817,657,14969,549,22057,703,11420,597,7505,544,4555,481,3224,429,1842,386,11381,643,7782,600,6324,479,4340,456,2024,331,935,225,4538,368,12609,752,12500,703,3139,304,9949,626,4811,392,3985,378,826,226,5138,519,3484,424,1654,342,42735,539,72.4,1.3,5.6,0.8,1.4,0.4,4.3,0.5,0.1,0.1,13.7,1.2,2.5,0.6,44.7,0.9,43.0,1.0,5.0,0.7,41.1,1.0,34.1,1.1,19.8,0.8,32786,709,54.3,1.5,45.7,1.5,67.3,1.8,34.8,1.7,22.9,1.6,13.9,1.4,9.8,1.2,5.6,1.1,34.7,1.7,23.7,1.7,19.3,1.5,13.2,1.3,6.2,1.0,2.9,0.7,13.8,1.0,38.5,2.0,38.1,2.0,9.6,1.0,9949,626,48.4,3.4,40.1,3.4,8.3,2.2,51.6,3.4,35.0,3.3,16.6,3.2,53865,2352,56134,2501,43917,10454,43971,6171,73810,4535,-,**,44908,2848,66797,17014,43845,2060,68415,3657,38411,6223,53606,3469,63278,4412,47659,3300,56983,2468,49402,3293,65760,2839,72574,3410,67481,5958,28738,3520,23182,2668,45721,3994,40255,6992,51109,2143,61512,6827,63852,4699,59941,9068,44798,19725,53958,24204,23015,4183,40856,1789,78161,2103,99437,6995,38044,3618,27942,4223,23671,3556,46173,9735,47984,6671,42521,4374,76814,11166,
Lake,219.0,10599.0,53.0,0500000US06033,1095.0,103.0,11496.0,0.0,930.0,0.0,1.0,25966,628,21844,565,598,109,662,130,193,87,12,18,2103,298,554,175,3484,260,20638,556,628,186,5787,341,10493,327,9058,381,15359,563,5831,439,9528,493,10699,481,3404,319,3363,398,1735,300,1297,251,692,191,8043,496,3512,411,2022,254,1138,227,485,147,159,81,3854,348,5401,457,5027,512,1077,202,10607,594,5329,377,4401,365,928,199,5278,455,3993,439,1285,261,25966,628,84.1,1.2,2.3,0.4,2.5,0.5,0.7,0.3,0.0,0.1,8.1,1.1,2.1,0.7,13.4,0.9,79.5,1.1,2.4,0.7,22.3,1.1,40.4,1.3,34.9,1.2,15359,563,38.0,2.4,62.0,2.4,69.7,2.5,22.2,2.1,21.9,2.3,11.3,1.8,8.4,1.6,4.5,1.2,52.4,2.3,22.9,2.4,13.2,1.7,7.4,1.5,3.2,1.0,1.0,0.5,25.1,2.2,35.2,2.7,32.7,2.8,7.0,1.3,10607,594,50.2,2.8,41.5,2.8,8.7,1.9,49.8,2.8,37.6,3.2,12.1,2.4,42475,2511,45771,3139,27763,20787,22622,13821,-,**,-,**,33853,6108,27384,17186,40560,7872,45279,3361,31270,2948,46999,4810,48750,5809,39750,2372,54677,3052,43287,3706,62836,5331,67963,5370,63641,8603,27668,4833,20781,6948,24411,8940,14286,5394,52702,3592,49265,12334,56261,4824,75720,11462,52176,14475,81719,64562,35027,4600,45385,5989,76674,3600,102344,24672,26351,1388,25339,2447,21756,2046,39813,13654,28614,4717,23600,3506,47672,8231,
Lassen,52.0,7574.0,47.0,0500000US06035,473.0,46.0,2224.0,0.0,105.0,2.0,1.0,9493,354,8795,285,55,117,291,65,47,27,34,35,36,34,235,72,237,197,8612,293,414,168,2494,223,3803,156,2782,106,6141,314,2135,175,4006,249,4899,322,1457,173,882,155,458,103,360,104,220,83,3537,244,1276,178,767,124,301,72,199,75,61,39,1329,143,2303,234,2182,204,327,115,3352,250,1546,167,1277,150,269,98,1806,207,1490,203,316,103,9493,354,92.6,1.8,0.6,1.2,3.1,0.7,0.5,0.3,0.4,0.4,0.4,0.4,2.5,0.7,2.5,2.0,90.7,2.6,4.4,1.7,26.3,1.8,40.1,1.9,29.3,1.4,6141,314,34.8,2.3,65.2,2.3,79.8,3.0,23.7,2.3,14.4,2.5,7.5,1.7,5.9,1.7,3.6,1.3,57.6,3.0,20.8,2.6,12.5,1.8,4.9,1.2,3.2,1.2,1.0,0.6,21.6,2.3,37.5,3.2,35.5,2.8,5.3,1.8,3352,250,46.1,4.2,38.1,4.2,8.0,2.8,53.9,4.2,44.5,4.6,9.4,3.0,56362,1943,56807,2303,64375,46031,34886,12236,109792,89010,-,**,53750,47383,-,**,51058,14996,56883,2479,49485,11292,65625,10407,66955,7843,41178,4222,69082,3945,63006,11585,72014,4366,77681,5995,78381,9047,32900,10963,25000,12451,42159,15301,36875,20590,64240,3154,68727,8259,83702,13253,82981,21916,127188,80014,76827,26552,37093,2775,61703,5842,92165,5997,152279,44877,35250,4979,32716,4809,29768,4809,40083,7611,41159,6753,34038,9064,58472,25938,
Los Angeles,7724.0,769743.0,4607.0,0500000US06037,88968.0,21993.0,2464364.0,15.0,76465.0,155.0,274.0,3306109,5533,1835273,6413,321657,2088,21380,981,492676,2576,7146,463,529434,4160,98543,2484,1233981,4558,1185485,3566,87792,1833,1182789,4388,1319848,3855,715680,3454,2207265,7274,952402,6568,1254863,4847,1485293,8094,642979,6657,496573,3924,221777,2956,225399,3034,87646,1963,798621,5550,521788,5017,465693,5087,239070,2762,104519,2143,77574,1786,244927,3177,739048,5605,878593,5947,344697,3415,1098844,5069,568634,4466,457308,4282,111326,2445,530210,4096,389648,3585,140562,2581,3306109,5533,55.5,0.1,9.7,0.1,0.6,0.1,14.9,0.1,0.2,0.1,16.0,0.1,3.0,0.1,37.3,0.1,35.9,0.1,2.7,0.1,35.8,0.1,39.9,0.1,21.6,0.1,2207265,7274,43.1,0.2,56.9,0.2,67.3,0.2,29.1,0.2,22.5,0.2,10.0,0.1,10.2,0.1,4.0,0.1,36.2,0.2,23.6,0.2,21.1,0.2,10.8,0.1,4.7,0.1,3.5,0.1,11.1,0.1,33.5,0.2,39.8,0.2,15.6,0.2,1098844,5069,51.7,0.3,41.6,0.3,10.1,0.2,48.3,0.3,35.5,0.3,12.8,0.2,64251,247,71397,473,45886,775,54447,3244,75326,765,69433,4065,50358,439,70327,1713,52712,342,83847,518,34893,1092,67403,537,74607,443,46593,469,72362,392,64412,598,77554,492,89841,509,87922,894,42646,460,30085,424,53496,758,41124,698,65523,567,70604,690,81479,894,74198,1032,75047,1258,87272,1674,26402,469,48057,389,94573,789,106383,890,44474,407,38596,667,31147,349,76188,1742,51443,596,41600,466,83234,1057,
Madera,183.0,23357.0,145.0,0500000US06039,1558.0,187.0,17029.0,0.0,644.0,0.0,9.0,44759,607,34590,725,1507,385,592,157,831,154,12,17,6053,545,1174,247,20596,545,20744,494,1048,243,15186,634,16765,563,11760,364,34804,835,16126,752,18678,684,25890,829,11086,589,6255,650,3836,574,2659,388,1204,318,13052,715,6416,622,6937,578,5125,614,1908,364,1366,252,6148,507,12645,873,11759,750,4252,482,9955,738,5640,558,4936,492,704,206,4315,478,3273,398,1042,242,44759,607,77.3,1.3,3.4,0.9,1.3,0.4,1.9,0.3,0.0,0.1,13.5,1.2,2.6,0.5,46.0,1.0,46.3,1.0,2.3,0.5,33.9,1.3,37.5,1.2,26.3,0.8,34804,835,46.3,1.7,53.7,1.7,74.4,1.7,31.9,1.5,18.0,1.8,11.0,1.6,7.6,1.1,3.5,0.9,37.5,1.9,18.4,1.7,19.9,1.6,14.7,1.7,5.5,1.0,3.9,0.7,17.7,1.3,36.3,2.4,33.8,2.0,12.2,1.4,9955,738,56.7,3.6,49.6,3.5,7.1,2.0,43.3,3.6,32.9,3.4,10.5,2.2,52884,1923,55286,3201,43854,27635,48333,24859,58662,3788,-,**,42476,4863,53963,7214,44155,2461,63660,2231,38370,8373,49103,3741,64766,4309,47284,2912,57531,1973,50802,3853,63258,2940,67996,2167,66370,5116,29907,4766,19385,3966,42654,6148,36577,4544,56641,2335,53934,7250,59461,5775,58801,5299,52051,4835,74267,9564,37271,3841,43107,2796,76545,4035,85897,7106,32363,2483,27421,4306,25037,3859,40977,7655,40264,7089,34214,3573,70278,24403,
Marin,896.0,21771.0,249.0,0500000US06041,4180.0,351.0,108707.0,0.0,3109.0,6.0,4.0,105258,753,89581,963,1794,288,253,98,5576,332,108,74,4654,430,3292,376,10203,427,84800,841,1189,272,22526,588,46115,579,35428,547,65685,1051,29036,784,36649,965,53772,1120,22508,762,8144,610,4212,463,3769,445,2316,366,32304,849,14554,813,13262,775,4363,479,757,208,445,144,8267,568,20392,877,31016,984,6010,439,39573,940,24591,860,20801,740,3790,456,14982,706,11391,607,3591,447,105258,753,85.1,0.6,1.7,0.3,0.2,0.1,5.3,0.3,0.1,0.1,4.4,0.4,3.1,0.4,9.7,0.4,80.6,0.6,1.1,0.3,21.4,0.5,43.8,0.5,33.7,0.5,65685,1051,44.2,1.1,55.8,1.1,81.9,1.1,34.3,1.0,12.4,0.9,6.4,0.7,5.7,0.7,3.5,0.6,49.2,1.0,22.2,1.1,20.2,1.1,6.6,0.7,1.2,0.3,0.7,0.2,12.6,0.8,31.0,1.3,47.2,1.2,9.1,0.6,39573,940,62.1,1.6,52.6,1.5,9.6,1.1,37.9,1.6,28.8,1.4,9.1,1.1,110217,3332,118494,3445,66316,36318,91845,43588,103000,16417,19214,18743,51915,3598,97115,27466,64367,4758,121310,3006,50030,13784,128036,4793,135864,4145,79404,3333,147878,4631,167766,6924,135836,3867,166216,4563,199814,7123,71451,5614,67807,13136,83523,19187,74357,25360,128417,5518,158407,11344,200851,8588,164413,11847,189057,33830,100056,21681,85735,4820,125850,6772,176730,5484,177398,15655,61436,2240,60036,4044,52361,3083,108775,2516,68354,9103,53595,4320,126408,15780,
Mariposa,0.0,5185.0,0.0,0500000US06043,326.0,55.0,3122.0,0.0,189.0,0.0,0.0,7700,351,7037,340,55,57,119,68,37,31,20,29,162,68,270,112,623,115,6591,315,231,100,1522,241,2960,181,2987,137,5019,363,1516,215,3503,288,4040,306,1098,177,664,166,310,120,315,119,108,55,2909,281,911,201,789,186,257,101,128,80,25,33,1373,170,1688,257,1717,251,241,98,2681,318,1332,215,1190,211,142,62,1349,229,1150,216,199,74,7700,351,91.4,1.7,0.7,0.7,1.5,0.9,0.5,0.4,0.3,0.4,2.1,0.9,3.5,1.5,8.1,1.4,85.6,2.0,3.0,1.2,19.8,2.6,38.4,2.1,38.8,2.2,5019,363,30.2,3.4,69.8,3.4,80.5,3.6,21.9,3.0,13.2,3.0,6.2,2.3,6.3,2.3,2.2,1.1,58.0,3.8,18.2,3.8,15.7,3.3,5.1,2.0,2.6,1.6,0.5,0.6,27.4,3.3,33.6,4.3,34.2,4.1,4.8,1.9,2681,318,49.7,5.8,44.4,6.0,5.3,2.3,50.3,5.8,42.9,5.8,7.4,2.7,51199,3487,52272,3813,-,**,51902,49277,25990,12918,-,**,-,**,27188,12946,42014,11604,53432,3392,20990,13796,51699,5510,56583,6123,48336,3615,60183,5773,56333,9209,62402,7886,68514,8565,71500,12715,45000,18224,25917,14814,44962,19056,50476,14137,56787,3712,65145,11468,79917,14421,57599,13464,71250,50271,-,**,47022,6594,55224,3889,79161,6366,108942,50479,25819,4037,26250,3853,24292,4079,53269,37052,24967,9302,22199,5238,41458,14168,
Mendocino,789.0,10888.0,124.0,0500000US06045,1331.0,151.0,22079.0,0.0,2108.0,3.0,4.0,34090,621,30400,637,66,51,1113,141,473,144,60,52,953,218,1025,179,5553,346,26172,550,792,196,9053,424,12822,386,11423,332,20783,721,8457,517,12326,660,14932,674,5169,437,3954,389,2050,355,1897,253,1238,224,10551,611,4242,410,3846,444,1398,241,570,143,176,81,3827,327,7248,577,7845,589,1863,250,13307,625,7054,505,5827,430,1227,266,6253,424,4807,438,1446,264,34090,621,89.2,1.0,0.2,0.1,3.3,0.4,1.4,0.4,0.2,0.2,2.8,0.6,3.0,0.5,16.3,0.9,76.8,1.1,2.3,0.6,26.6,1.0,37.6,1.0,33.5,1.0,20783,721,40.7,2.2,59.3,2.2,71.8,2.1,24.9,2.0,19.0,1.8,9.9,1.7,9.1,1.2,6.0,1.1,50.8,2.1,20.4,1.8,18.5,2.1,6.7,1.1,2.7,0.7,0.8,0.4,18.4,1.5,34.9,2.6,37.7,2.4,9.0,1.1,13307,625,53.0,2.6,43.8,2.5,9.2,1.9,47.0,2.6,36.1,3.1,10.9,1.9,49233,2356,50270,2669,-,**,49321,8557,62723,34873,40592,16167,50260,17209,29712,6838,40964,3911,53470,3079,35536,4719,46685,5066,52557,3679,48401,4723,62513,1987,44640,4668,69356,3032,71733,2741,68365,5067,31352,3099,21375,4073,37714,5136,32433,4271,62474,2795,65095,7399,54360,5082,55469,11193,76848,10342,132794,80506,38110,8499,44644,3371,77922,5873,92112,9678,29440,3168,25958,2178,21776,1746,61289,13418,34819,4840,27024,2582,57222,5665,
Merced,506.0,28725.0,162.0,0500000US06047,2410.0,454.0,37317.0,0.0,1209.0,0.0,6.0,79606,596,51143,804,2883,271,605,199,4981,335,161,59,17792,748,2041,284,39052,673,31305,519,3535,366,30583,618,28636,654,16852,424,60642,921,31699,822,28943,808,40756,978,20162,715,13472,638,8629,518,6414,620,2908,399,20004,786,12327,839,11625,787,9434,634,4073,513,3179,498,9373,560,22960,915,20295,880,8014,526,18964,878,9812,646,7874,534,1938,343,9152,644,7090,578,2062,350,79606,596,64.2,1.0,3.6,0.3,0.8,0.2,6.3,0.4,0.2,0.1,22.4,0.9,2.6,0.4,49.1,0.7,39.3,0.7,4.4,0.5,38.4,0.7,36.0,0.8,21.2,0.5,60642,921,52.3,1.1,47.7,1.1,67.2,1.3,33.2,1.1,22.2,1.0,14.2,0.9,10.6,1.0,4.8,0.6,33.0,1.2,20.3,1.3,19.2,1.3,15.6,1.1,6.7,0.8,5.2,0.8,15.5,0.9,37.9,1.4,33.5,1.4,13.2,0.9,18964,878,51.7,2.5,41.5,2.1,10.2,1.7,48.3,2.5,37.4,2.4,10.9,1.8,50129,1671,53996,2080,39576,4477,35625,16338,56013,5128,-,**,43490,2015,44971,11955,44436,1641,61238,2953,30196,7833,48999,1797,61470,2690,40565,2186,54731,1640,46900,2124,63454,1775,68093,2189,62790,2944,25155,1832,17597,1861,42273,3459,37873,6950,52870,3024,46915,5067,57134,3496,56553,3972,57023,6967,69152,9107,23155,2044,39162,1232,74150,2969,92186,6432,29316,1715,26495,1656,24592,2447,36025,8051,37000,6378,29680,3820,53214,9465,
Modoc,19.0,2696.0,11.0,0500000US06049,122.0,13.0,877.0,0.0,50.0,0.0,0.0,3660,173,3489,182,35,31,98,66,9,16,0,17,4,6,25,24,268,83,3221,175,66,55,763,130,1372,127,1459,127,2173,196,733,123,1440,160,1750,170,529,114,312,112,114,63,111,60,90,54,1384,186,258,78,285,96,111,56,84,54,51,43,634,129,783,163,682,131,74,55,1487,188,781,137,641,131,140,58,706,124,644,123,62,38,3660,173,95.3,2.2,1.0,0.8,2.7,1.8,0.2,0.4,0.0,1.0,0.1,0.2,0.7,0.7,7.3,2.2,88.0,2.8,1.8,1.5,20.8,3.0,37.5,3.4,39.9,3.5,2173,196,33.7,4.6,66.3,4.6,80.5,5.0,24.3,4.9,14.4,4.6,5.2,2.8,5.1,2.7,4.1,2.4,63.7,6.0,11.9,3.6,13.1,4.2,5.1,2.5,3.9,2.5,2.3,2.0,29.2,5.4,36.0,6.5,31.4,5.4,3.4,2.5,1487,188,52.5,6.1,43.1,6.4,9.4,3.8,47.5,6.1,43.3,6.4,4.2,2.5,45149,5555,45856,5293,-,**,28750,15786,-,**,-,**,-,**,-,**,30667,19474,47323,5299,26121,13357,45750,10591,51275,2650,36654,6928,55964,6394,46629,8652,63914,5269,62188,8384,51473,9185,29479,14769,22365,9335,50586,8760,50750,11415,56806,11353,58889,7916,72750,37523,50580,11933,42303,29051,-,**,49432,8892,42370,9003,73000,8640,93000,58603,26852,3200,22832,2905,20493,4097,47115,11710,29886,14245,29006,6937,52115,35066,
Mono,2.0,2111.0,3.0,0500000US06051,222.0,23.0,2773.0,0.0,142.0,0.0,0.0,4847,426,4416,414,12,25,121,45,33,36,0,19,224,136,41,54,844,211,3816,347,152,80,1326,228,2100,273,1269,141,2524,285,890,235,1634,232,2123,288,637,193,246,121,146,82,155,126,107,113,1606,223,493,163,236,125,176,115,6,11,7,12,349,110,622,171,1384,229,169,117,2323,402,927,188,689,161,238,126,1396,343,1045,290,351,165,4847,426,91.1,3.4,0.2,0.5,2.5,0.9,0.7,0.7,0.0,0.7,4.6,2.8,0.8,1.1,17.4,3.6,78.7,4.3,3.1,1.6,27.4,3.6,43.3,4.1,26.2,2.8,2524,285,35.3,7.5,64.7,7.5,84.1,6.4,25.2,6.5,9.7,4.8,5.8,3.2,6.1,4.8,4.2,4.4,63.6,7.3,19.5,5.8,9.4,4.7,7.0,4.4,0.2,0.4,0.3,0.5,13.8,4.3,24.6,6.2,54.8,6.5,6.7,4.5,2323,402,39.9,7.6,29.7,6.8,10.2,5.3,60.1,7.6,45.0,8.3,15.1,6.3,63018,5826,65685,7863,-,**,56458,30526,-,**,-,**,36524,21149,"250,000+",***,52993,6471,68700,10619,47976,24175,59583,9868,76014,13965,57168,13727,75463,13345,81774,28318,72136,14812,82476,16199,92042,25259,55570,4641,53088,33175,74327,68819,-,**,76759,18030,124226,72934,63910,13743,54600,26710,-,**,-,**,55250,19323,60144,11754,91979,12202,-,**,55279,9231,56625,16975,46546,13875,72917,17642,55134,11681,45348,9247,77455,14661,
Monterey,1025.0,34895.0,358.0,0500000US06053,4547.0,661.0,89088.0,1.0,2823.0,2.0,8.0,126052,906,84382,1069,2952,281,807,169,8047,327,604,108,25152,901,4108,383,55338,740,56108,837,3886,355,42272,928,47218,718,32676,582,91714,1028,42921,1095,48793,964,66002,1267,29902,993,17150,787,8951,636,8562,674,4068,483,32985,953,18996,824,18433,753,11356,638,5533,437,4411,447,10554,553,30211,987,35323,1008,15626,679,34338,997,18827,713,15500,677,3327,362,15511,741,11531,640,3980,377,126052,906,66.9,0.7,2.3,0.2,0.6,0.1,6.4,0.3,0.5,0.1,20.0,0.7,3.3,0.3,43.9,0.5,44.5,0.6,3.1,0.3,33.5,0.6,37.5,0.6,25.9,0.5,91714,1028,46.8,1.0,53.2,1.0,72.0,1.1,32.6,1.0,18.7,0.9,9.8,0.7,9.3,0.7,4.4,0.5,36.0,0.9,20.7,0.9,20.1,0.8,12.4,0.7,6.0,0.5,4.8,0.5,11.5,0.6,32.9,1.0,38.5,1.0,17.0,0.7,34338,997,54.8,1.6,45.1,1.4,9.7,1.1,45.2,1.6,33.6,1.5,11.6,1.0,66676,1234,71144,2025,64281,4948,59375,11733,79132,5093,69133,40002,54262,1684,83375,5406,55720,1373,82328,1888,41008,4859,62239,1400,81645,2156,59158,1702,72659,1609,60607,1723,83184,2125,86251,1955,77389,3729,42121,2733,27368,1860,55415,3052,42619,7841,77731,2788,70509,5712,65854,3243,67516,3538,73885,6196,85585,9371,48760,3232,51732,2054,84247,2617,96458,4784,45449,2230,41287,2183,37164,2106,77969,9426,51096,2856,42347,3764,74754,7044,
Napa,585.0,17411.0,154.0,0500000US06055,2551.0,207.0,39199.0,0.0,1262.0,0.0,3.0,49032,491,39992,490,672,110,402,172,2872,186,35,27,3769,353,1290,192,11458,364,32897,390,759,171,13747,465,19675,440,14851,349,33730,595,14104,471,19626,610,26184,682,10665,521,5053,463,2562,336,2493,365,877,223,15270,590,6615,429,6488,443,3438,272,1329,269,590,134,4384,319,9407,565,14496,641,5443,388,15302,543,9488,402,7874,364,1614,215,5814,428,4447,386,1367,208,49032,491,81.6,0.8,1.4,0.2,0.8,0.4,5.9,0.4,0.1,0.1,7.7,0.7,2.6,0.4,23.4,0.7,67.1,0.6,1.5,0.3,28.0,0.8,40.1,0.8,30.3,0.7,33730,595,41.8,1.3,58.2,1.3,77.6,1.8,31.6,1.6,15.0,1.3,7.6,1.0,7.4,1.0,2.6,0.6,45.3,1.4,19.6,1.2,19.2,1.3,10.2,0.8,3.9,0.8,1.7,0.4,13.0,0.9,27.9,1.5,43.0,1.8,16.1,1.2,15302,543,62.0,2.1,51.5,1.9,10.5,1.4,38.0,2.1,29.1,2.0,8.9,1.3,84753,2198,86365,2925,73939,23682,67857,36011,111888,9651,-,**,67325,5366,90000,14605,63155,4300,93084,2944,51301,9574,85872,3928,102056,2741,63248,2872,97983,2914,91321,5115,102557,3347,110895,2339,109727,4874,57003,5711,43081,7644,62083,9673,44861,10990,94765,4867,99015,5514,108954,9840,85299,7764,107049,13468,156250,28355,62098,5894,69833,6391,115109,4875,120503,5342,50746,2586,47119,3011,39396,2591,109125,17135,57623,6166,49326,4254,90774,12019,
Nevada,685.0,23365.0,179.0,0500000US06057,2378.0,85.0,26053.0,1.0,2189.0,0.0,0.0,40904,677,38392,668,188,93,312,118,354,110,46,48,412,160,1200,257,2707,250,36429,606,367,147,9214,452,16318,471,15005,408,26483,701,8476,423,18007,584,21706,693,5970,370,3361,392,1724,320,1416,268,782,200,15577,694,5493,510,3797,374,1057,190,381,138,178,72,5879,468,8984,621,9807,551,1813,279,14421,649,8144,490,6763,464,1381,216,6277,423,4803,408,1474,247,40904,677,93.9,0.7,0.5,0.2,0.8,0.3,0.9,0.3,0.1,0.1,1.0,0.4,2.9,0.6,6.6,0.6,89.1,0.7,0.9,0.4,22.5,1.0,39.9,1.0,36.7,0.9,26483,701,32.0,1.3,68.0,1.3,82.0,1.6,22.5,1.4,12.7,1.5,6.5,1.2,5.3,1.0,3.0,0.7,58.8,1.8,20.7,1.9,14.3,1.4,4.0,0.7,1.4,0.5,0.7,0.3,22.2,1.6,33.9,2.0,37.0,1.9,6.8,1.1,14421,649,56.5,2.2,46.9,2.5,9.6,1.4,43.5,2.2,33.3,2.3,10.2,1.7,63240,1916,63693,1905,60370,23302,44310,11438,84107,11766,-,**,46875,18576,61900,32403,49581,6449,63954,1921,41536,16228,67713,5403,77960,4952,53079,3022,81203,4533,83376,6939,79967,5218,88282,3085,97865,10354,43807,4269,29328,5815,51000,13992,35357,11395,72381,4348,76218,12809,98009,7041,111656,13192,64904,49003,77778,34252,53353,4938,64065,8161,102563,5507,118352,11519,37184,3613,34019,3029,28319,3506,69153,9013,41779,3148,35004,3637,80288,8913,
Orange,6239.0,507148.0,4917.0,0500000US06059,46128.0,4898.0,609961.0,4.0,18068.0,27.0,131.0,1032373,2799,699669,3044,18555,623,4593,405,197507,1774,2625,306,82397,1861,27027,1280,249414,2068,543131,2667,25246,984,330216,2357,429969,2095,246942,1939,741721,3792,324922,2582,416799,3076,564685,3997,248807,2890,121753,2366,53659,1558,55283,1527,22456,951,282674,3075,169172,2899,161461,2452,74589,1775,31396,1224,22429,873,81949,1724,226332,2639,312242,2989,121198,1972,290652,3205,158371,2278,124973,1982,33398,1276,132281,2071,92434,1797,39847,1461,1032373,2799,67.8,0.3,1.8,0.1,0.4,0.1,19.1,0.2,0.3,0.1,8.0,0.2,2.6,0.1,24.2,0.2,52.6,0.2,2.4,0.1,32.0,0.2,41.6,0.2,23.9,0.2,741721,3792,43.8,0.3,56.2,0.3,76.1,0.3,33.5,0.3,16.4,0.3,7.2,0.2,7.5,0.2,3.0,0.1,38.1,0.4,22.8,0.4,21.8,0.3,10.1,0.2,4.2,0.2,3.0,0.1,11.0,0.2,30.5,0.3,42.1,0.3,16.3,0.2,290652,3205,54.5,0.5,43.0,0.5,11.5,0.4,45.5,0.5,31.8,0.5,13.7,0.5,85398,719,89504,775,75589,3605,68847,6862,88707,1987,89395,16226,59904,1134,89022,4084,65103,711,97369,864,39092,2199,89358,1152,102492,1028,60763,1012,97050,810,94602,1365,99082,1192,113242,1111,114728,1862,53464,1049,37822,1662,66287,2744,58568,4138,87625,1435,100822,1486,111528,2018,99682,3349,89277,3952,95171,3791,46142,1419,71945,1139,118832,1498,126919,1835,54818,777,48702,1043,40717,837,83293,2573,63672,1114,52842,1357,95114,3237,
Placer,1132.0,95138.0,1032.0,0500000US06061,9245.0,238.0,73509.0,1.0,2501.0,10.0,33.0,140661,914,122730,971,2027,263,749,168,7923,400,232,97,2973,381,4027,381,13671,552,112896,913,2702,327,39407,708,55867,759,42685,664,98332,1128,41552,764,56780,999,80935,1252,32810,776,11989,732,5938,504,5408,508,2804,334,46718,1152,19877,916,19721,919,8128,595,2727,373,1161,231,17646,693,30491,970,41014,1091,9181,556,42329,1075,24942,969,21139,923,3803,372,17387,712,13473,618,3914,404,140661,914,87.3,0.4,1.4,0.2,0.5,0.1,5.6,0.3,0.2,0.1,2.1,0.3,2.9,0.3,9.7,0.4,80.3,0.5,1.9,0.2,28.0,0.4,39.7,0.5,30.3,0.5,98332,1128,42.3,0.7,57.7,0.7,82.3,0.7,33.4,0.7,12.2,0.7,6.0,0.5,5.5,0.5,2.9,0.3,47.5,0.9,20.2,0.9,20.1,0.9,8.3,0.6,2.8,0.4,1.2,0.2,17.9,0.7,31.0,0.9,41.7,1.0,9.3,0.6,42329,1075,58.9,1.5,49.9,1.6,9.0,0.9,41.1,1.5,31.8,1.3,9.2,1.0,84357,1469,84057,1692,72303,19235,44293,13390,116409,6806,60250,15797,66563,11540,82739,7255,70247,3715,84997,1837,47130,5794,97498,2817,105732,1884,57211,2005,103298,1787,113940,3215,96447,2372,113641,1987,130645,3665,56462,3691,46537,6863,70046,8468,62321,5122,87517,3452,105318,4107,126190,3291,130163,8361,121098,9321,131301,16908,60942,1720,83351,2249,131438,3679,143490,7677,43654,1952,39596,2001,34218,1851,75272,7959,51819,3311,42237,2363,88388,10037,
Plumas,120.0,5420.0,51.0,0500000US06063,411.0,29.0,3459.0,0.0,186.0,0.0,0.0,8047,337,7352,327,39,43,256,123,64,37,0,19,80,51,256,104,518,89,6969,330,120,80,1564,202,3333,216,3030,179,4859,347,1461,185,3398,289,3793,326,1018,175,690,168,349,137,376,139,94,66,3037,297,730,185,645,186,376,122,71,65,0,19,1279,209,1517,221,1776,299,287,116,3188,309,1831,245,1552,224,279,114,1357,205,1085,177,272,104,8047,337,91.4,1.6,0.5,0.5,3.2,1.5,0.8,0.4,0.0,0.4,1.0,0.6,3.2,1.3,6.4,1.1,86.6,1.8,1.5,1.0,19.4,2.2,41.4,2.3,37.7,2.0,4859,347,30.1,3.2,69.9,3.2,78.1,3.7,21.0,3.5,14.2,3.2,7.2,2.7,7.7,2.9,1.9,1.4,62.5,3.8,15.0,3.5,13.3,3.8,7.7,2.6,1.5,1.3,0.0,0.7,26.3,3.7,31.2,4.4,36.6,5.0,5.9,2.5,3188,309,57.4,5.1,48.7,4.9,8.8,3.5,42.6,5.1,34.0,4.7,8.5,3.1,53270,3391,53898,4236,-,**,61667,61349,23167,14596,-,**,-,**,44405,19853,51774,10779,53919,4441,-,**,73269,19230,53873,5987,46413,4589,69884,8743,82225,14969,66169,7980,80534,5823,107700,21766,30268,6494,21681,12504,48810,6810,47273,19880,57580,6112,79524,14266,88804,16547,110000,31734,-,**,-,**,44984,9454,55801,6501,90291,4076,149508,22926,33668,4245,33467,8138,27213,10035,70954,20183,33915,8560,31165,7066,67614,37641,
Riverside,3387.0,333243.0,2168.0,0500000US06065,24089.0,3433.0,373695.0,3.0,11320.0,4.0,49.0,718349,2722,485341,2912,47612,1078,5750,501,41227,845,1735,284,117968,2339,18716,912,267342,2333,345881,1877,15498,841,237083,2204,284716,1880,181052,1525,524557,3047,238702,2714,285855,2452,388127,3506,170965,2663,93534,1740,47875,1379,42896,1442,19862,965,194714,2338,106338,2074,107317,1919,65292,1821,29245,1119,21651,998,78679,1716,178963,2705,190909,3016,76006,1644,193792,2332,101737,1639,85663,1619,16074,877,92055,1821,70450,1661,21605,1020,718349,2722,67.6,0.3,6.6,0.1,0.8,0.1,5.7,0.1,0.2,0.1,16.4,0.3,2.6,0.1,37.2,0.3,48.1,0.2,2.2,0.1,33.0,0.3,39.6,0.2,25.2,0.2,524557,3047,45.5,0.4,54.5,0.4,74.0,0.4,32.6,0.4,17.8,0.3,9.1,0.3,8.2,0.3,3.8,0.2,37.1,0.4,20.3,0.4,20.5,0.3,12.4,0.3,5.6,0.2,4.1,0.2,15.0,0.3,34.1,0.5,36.4,0.5,14.5,0.3,193792,2332,52.5,0.7,44.2,0.7,8.3,0.5,47.5,0.7,36.4,0.7,11.1,0.5,63948,454,66754,706,60421,2463,53250,3568,81229,3930,72997,18280,50852,1099,73470,2623,54606,778,71482,766,31163,1378,67119,958,76875,1062,45886,794,73082,662,68686,1280,76991,928,84512,768,83573,1032,40644,789,30867,878,53890,1952,47084,2561,65437,1033,71043,1701,79331,1827,78633,2404,82755,2329,84827,2398,38529,733,53666,841,91758,1160,110813,2314,34957,845,30480,723,26577,609,61502,2785,41274,1008,34725,1508,64693,2848,
Sacramento,4429.0,189789.0,2205.0,0500000US06067,24412.0,2556.0,326023.0,0.0,9846.0,5.0,65.0,536029,1825,345908,1711,54741,1199,3823,410,70897,1046,4637,331,31724,1259,24299,1052,93636,1418,291743,1553,18815,754,193544,1464,205716,1557,117954,1333,355363,2240,164005,1867,191358,1992,245857,2403,109516,1961,76853,1649,39174,1304,32653,1167,15315,884,149194,1937,78937,1766,69553,1704,33186,1085,14757,817,9736,527,50360,1235,124833,2296,141208,2396,38962,1284,180666,2171,99872,1750,81234,1500,18638,876,80794,1526,59553,1256,21241,1020,536029,1825,64.5,0.3,10.2,0.2,0.7,0.1,13.2,0.2,0.9,0.1,5.9,0.2,4.5,0.2,17.5,0.3,54.4,0.3,3.5,0.1,36.1,0.2,38.4,0.3,22.0,0.2,355363,2240,46.2,0.4,53.8,0.4,69.2,0.5,30.8,0.5,21.6,0.5,11.0,0.4,9.2,0.3,4.3,0.2,42.0,0.5,22.2,0.5,19.6,0.4,9.3,0.3,4.2,0.2,2.7,0.1,14.2,0.3,35.1,0.6,39.7,0.6,11.0,0.4,180666,2171,55.3,0.7,45.0,0.6,10.3,0.5,44.7,0.7,33.0,0.6,11.8,0.5,63902,512,68735,862,45728,1752,54068,6150,70898,2331,62019,7415,48361,2142,56380,3001,54377,1303,71076,989,31046,1424,64506,945,77787,1010,51129,849,75565,854,67549,1259,81090,1251,92524,1267,91332,1947,41353,1067,30965,964,52252,1436,43544,3272,70539,1431,75775,2257,85997,2099,77139,2165,75614,4316,78366,3484,39548,1858,52577,959,99414,1356,117151,2789,42942,791,39636,1254,33802,1304,65535,3280,48297,1396,41176,1218,69137,4821,
San Benito,158.0,7841.0,86.0,0500000US06069,815.0,138.0,12521.0,0.0,364.0,1.0,0.0,17740,181,15309,297,143,71,182,72,402,59,29,32,1228,193,447,122,8332,230,8508,216,242,102,5648,237,7913,225,3937,231,14175,329,6616,336,7559,343,10711,437,4664,361,2206,256,1234,231,1258,231,718,185,5064,291,3222,348,3082,324,1520,282,623,144,664,145,1559,190,4083,318,5679,391,2854,303,3565,330,1928,240,1356,198,572,170,1637,216,1251,188,386,119,17740,181,86.3,1.4,0.8,0.4,1.0,0.4,2.3,0.3,0.2,0.2,6.9,1.1,2.5,0.7,47.0,1.2,48.0,1.2,1.4,0.6,31.8,1.3,44.6,1.3,22.2,1.2,14175,329,46.7,2.1,53.3,2.1,75.6,2.6,32.9,2.5,15.6,1.8,8.7,1.6,8.9,1.6,5.1,1.3,35.7,1.8,22.7,2.3,21.7,2.2,10.7,2.0,4.4,1.0,4.7,1.0,11.0,1.3,28.8,2.2,40.1,2.7,20.1,2.0,3565,330,54.1,4.4,38.0,4.8,16.0,4.3,45.9,4.4,35.1,4.3,10.8,3.2,81977,4226,80934,4197,113438,74866,88750,69633,114762,21213,-,**,74889,9533,110129,16586,68707,4458,97123,4924,59076,12141,86031,6720,94102,5455,66119,5926,86787,5616,84691,11929,87347,7703,103081,4007,108514,6220,45500,9014,37281,13253,58750,11878,46579,9696,79333,5656,86179,9654,98019,8545,103191,33658,86875,23184,111125,12944,52465,11167,56165,7014,105236,3890,116467,8310,49365,5857,41563,7100,35714,4311,73800,27748,60451,14148,53750,6415,90750,24845,
San Bernardino,4551.0,271240.0,1877.0,0500000US06071,21050.0,3786.0,340833.0,0.0,10604.0,5.0,37.0,630633,2099,411892,2514,57486,1185,5521,499,44939,831,1591,263,89816,1693,19388,946,268830,1951,245477,1672,19607,1116,227013,2078,255852,2152,128161,1299,481066,2620,226091,2378,254975,2419,327131,3041,149185,2558,107066,2369,55276,1744,46869,1668,21630,1154,162081,2587,107014,1973,99727,2271,61155,1775,29453,1335,21636,1030,63106,1405,172232,2625,173280,2856,72448,1631,149567,2154,78277,1515,64148,1406,14129,819,71290,1465,53846,1468,17444,929,630633,2099,65.3,0.3,9.1,0.2,0.9,0.1,7.1,0.1,0.3,0.1,14.2,0.3,3.1,0.1,42.6,0.3,38.9,0.2,3.1,0.2,36.0,0.3,40.6,0.3,20.3,0.2,481066,2620,47.0,0.4,53.0,0.4,68.0,0.5,31.0,0.5,22.3,0.5,11.5,0.4,9.7,0.3,4.5,0.2,33.7,0.5,22.2,0.4,20.7,0.5,12.7,0.4,6.1,0.3,4.5,0.2,13.1,0.3,35.8,0.5,36.0,0.6,15.1,0.3,149567,2154,52.3,0.7,42.9,0.8,9.4,0.5,47.7,0.7,36.0,0.9,11.7,0.6,60164,626,61892,830,45424,2761,50971,2674,78328,3473,63083,16241,55321,1373,60037,3881,56813,832,64707,873,34106,1718,61847,1096,71039,929,43769,840,66415,772,58800,955,72863,835,80647,890,77998,1561,37123,1056,25881,1191,51397,1474,42382,1852,57767,1193,65612,1832,75581,1860,70688,1936,69939,2794,79108,3947,28888,956,46653,997,86282,1281,110533,1773,35368,821,30223,802,25540,875,56119,3071,42051,1115,35659,1519,62525,3432,
San Diego,10255.0,477766.0,4851.0,0500000US06073,51663.0,3353.0,735476.0,22.0,22820.0,42.0,152.0,1118980,3147,845739,3115,57035,1099,6806,452,118034,1565,4261,457,50510,1572,36595,1355,281417,2290,630392,2634,39962,1407,410089,2928,419162,2398,249767,1933,753761,3992,335189,3537,418572,3010,561609,4813,242778,3770,133874,2651,66423,1820,58278,1738,25988,1246,315047,3140,172580,3518,150237,2862,70695,1754,27901,1081,17301,794,92925,1859,251096,3029,319050,3798,90690,2133,365219,3308,186956,2223,144224,2169,42732,1364,178263,2501,121205,2051,57058,1961,1118980,3147,75.6,0.2,5.1,0.1,0.6,0.1,10.5,0.1,0.4,0.1,4.5,0.1,3.3,0.1,25.1,0.2,56.3,0.2,3.6,0.1,36.6,0.2,37.5,0.2,22.3,0.2,753761,3992,44.5,0.4,55.5,0.4,74.5,0.4,32.2,0.4,17.8,0.4,8.8,0.2,7.7,0.2,3.4,0.2,41.8,0.4,22.9,0.4,19.9,0.3,9.4,0.2,3.7,0.1,2.3,0.1,12.3,0.2,33.3,0.4,42.3,0.4,12.0,0.3,365219,3308,51.2,0.5,39.5,0.5,11.7,0.4,48.8,0.5,33.2,0.5,15.6,0.5,74855,578,76101,707,54525,1702,56181,5923,93426,2703,67579,4397,55121,1818,74120,2968,56215,852,84785,712,39169,1215,77790,997,90175,1112,56126,841,86138,709,81433,1335,89805,889,102398,918,103056,1622,44698,1220,33535,1295,59268,1811,52804,2200,79436,956,87767,1493,98669,1703,87679,2181,84092,3541,91181,3794,44704,1109,61578,1018,109069,1229,118707,1562,51585,636,44924,946,37146,788,76395,2019,59154,1514,48403,1189,88545,3349,
San Francisco,2021.0,37688.0,373.0,0500000US06075,8883.0,1799.0,345084.0,5.0,9904.0,13.0,22.0,359673,1844,198382,1754,18041,654,984,218,108383,1369,1052,215,19035,1029,13796,983,42414,957,178446,1373,10202,550,151511,1362,118509,1259,79451,1037,172190,2115,60447,1415,111743,1868,130006,2226,46735,1402,28786,1078,10356,751,13398,803,3356,374,86252,1826,38533,1446,29328,1057,10458,703,4115,353,3504,359,20429,764,46565,1685,85547,1886,19649,801,187483,2122,87966,1565,63607,1365,24359,815,99517,1620,65815,1438,33702,1111,359673,1844,55.2,0.4,5.0,0.2,0.3,0.1,30.1,0.3,0.3,0.1,5.3,0.3,3.8,0.3,11.8,0.3,49.6,0.3,2.8,0.2,42.1,0.3,32.9,0.3,22.1,0.3,172190,2115,35.1,0.7,64.9,0.7,75.5,0.8,27.1,0.7,16.7,0.6,6.0,0.4,7.8,0.5,1.9,0.2,50.1,0.8,22.4,0.8,17.0,0.6,6.1,0.4,2.4,0.2,2.0,0.2,11.9,0.4,27.0,0.9,49.7,0.9,11.4,0.4,187483,2122,46.9,0.6,33.9,0.6,13.0,0.4,53.1,0.6,35.1,0.7,18.0,0.5,104552,1533,127158,1982,30442,3847,61250,23572,88016,2853,76333,14707,59497,5674,114399,7415,72578,3962,132154,2438,63884,7259,144088,2461,99540,2359,48834,2153,122900,2705,137655,4883,116749,2575,147724,2931,172381,6640,60280,5139,38694,4347,78242,3831,84423,19845,113630,4062,126309,4771,142209,6682,121853,11673,122532,12434,145417,7479,36197,2835,82400,2621,168576,4217,141024,5795,83611,1518,74021,2156,52474,2158,157974,6517,92911,3480,62545,2915,172219,7556,
San Joaquin,1372.0,88936.0,617.0,0500000US06077,8049.0,903.0,121124.0,0.0,3134.0,5.0,26.0,226727,913,140899,1336,18003,504,1526,231,29560,628,1055,134,18605,951,17079,1040,74415,887,97343,1011,7266,560,81084,1137,89835,1004,48542,804,168502,1653,83489,1437,85013,1401,117049,1486,56859,1270,34796,1213,18854,967,16657,792,7776,596,59413,1231,35948,1258,34536,1155,21930,842,9558,788,7117,610,22194,931,61061,1566,61457,1492,23790,869,58225,1585,30726,1027,25705,910,5021,479,27499,1007,20288,981,7211,618,226727,913,62.1,0.5,7.9,0.2,0.7,0.1,13.0,0.3,0.5,0.1,8.2,0.4,7.5,0.5,32.8,0.4,42.9,0.4,3.2,0.2,35.8,0.5,39.6,0.4,21.4,0.4,168502,1653,49.5,0.7,50.5,0.7,69.5,0.7,33.7,0.7,20.7,0.7,11.2,0.5,9.9,0.5,4.6,0.4,35.3,0.6,21.3,0.7,20.5,0.6,13.0,0.5,5.7,0.5,4.2,0.4,13.2,0.5,36.2,0.9,36.5,0.8,14.1,0.5,58225,1585,52.8,1.1,44.1,1.1,8.6,0.8,47.2,1.1,34.8,1.4,12.4,1.0,61145,1022,64084,922,41397,2588,53659,4824,73806,3503,82476,9712,49862,2089,54308,2397,52196,1361,71215,1680,36912,3397,61770,1699,72691,1433,44864,1381,69008,1122,63293,1282,74700,1733,85392,1278,84237,1586,35000,1531,25499,2123,53398,2340,46731,4254,61064,1782,65965,2970,75184,3216,78615,4474,75985,5540,80974,4730,31145,1555,48319,1575,91450,2157,110960,3149,33567,1284,28332,1223,24628,1335,56102,6760,41441,1827,34438,2179,69816,8310,
San Luis Obispo,1273.0,56164.0,702.0,0500000US06079,6473.0,425.0,67107.0,1.0,2848.0,3.0,13.0,105317,1020,95491,1067,1206,273,741,161,2533,209,23,37,2720,361,2603,370,16911,577,82215,913,6902,594,27455,617,38569,758,32391,549,66580,1037,23925,840,42655,921,52918,1014,16987,706,8922,684,4506,618,4740,543,2432,339,36725,1087,12255,698,10588,698,4649,541,1493,278,870,219,12332,548,21184,984,27011,1096,6053,460,38737,1062,20566,762,15544,744,5022,498,18171,691,11983,596,6188,497,105317,1020,90.7,0.6,1.1,0.3,0.7,0.2,2.4,0.2,0.0,0.1,2.6,0.3,2.5,0.4,16.1,0.5,78.1,0.6,6.6,0.5,26.1,0.6,36.6,0.6,30.8,0.6,66580,1037,35.9,1.1,64.1,1.1,79.5,1.3,25.5,1.0,13.4,1.0,6.8,0.9,7.1,0.8,3.7,0.5,55.2,1.3,18.4,1.0,15.9,1.0,7.0,0.8,2.2,0.4,1.3,0.3,18.5,0.8,31.8,1.4,40.6,1.4,9.1,0.7,38737,1062,53.1,1.3,40.1,1.6,13.0,1.2,46.9,1.3,30.9,1.3,16.0,1.2,70699,1500,71573,1654,55613,7491,71964,22437,67138,7103,-,**,55909,11124,81394,16933,57053,3044,74368,1759,20848,4231,76530,2359,87549,3371,60496,2854,88636,2490,79740,4757,92391,2690,100419,2158,102170,3496,43903,3725,33090,4032,56512,6334,50536,6605,82189,3226,92035,6860,97447,7052,99339,6459,93247,17111,111889,22072,61810,4410,69554,4108,106945,2902,130098,7937,41730,1455,35927,2451,31618,1384,55588,4083,49672,3451,43281,2913,61242,5045,
San Mateo,2159.0,57929.0,760.0,0500000US06081,9464.0,1047.0,237882.0,3.0,5102.0,15.0,23.0,261969,1067,153219,1263,6704,453,953,171,69604,832,2164,273,20705,932,8620,648,47193,879,129677,907,4840,471,86038,1069,105596,1281,65495,928,183144,1474,78533,1163,104611,1312,143990,1818,63669,1240,26986,1018,10953,694,12168,745,3911,442,73626,1274,43694,1338,40784,1159,15632,764,5736,530,3672,360,17304,666,52413,1101,84782,1482,28645,1092,78825,1466,42985,1067,33839,881,9146,644,35840,930,25695,777,10145,640,261969,1067,58.5,0.4,2.6,0.2,0.4,0.1,26.6,0.3,0.8,0.1,7.9,0.3,3.3,0.2,18.0,0.3,49.5,0.3,1.8,0.2,32.8,0.4,40.3,0.5,25.0,0.3,183144,1474,42.9,0.5,57.1,0.5,78.6,0.7,34.8,0.6,14.7,0.6,6.0,0.4,6.6,0.4,2.1,0.2,40.2,0.6,23.9,0.7,22.3,0.6,8.5,0.4,3.1,0.3,2.0,0.2,9.4,0.4,28.6,0.6,46.3,0.7,15.6,0.6,78825,1466,54.5,0.9,42.9,0.9,11.6,0.8,45.5,0.9,32.6,0.9,12.9,0.7,113776,1672,118968,2317,62292,5952,76016,26489,132109,4012,77643,13606,70128,5208,108663,9259,76655,2563,128187,1954,61116,9131,133755,2895,131356,4119,72877,2410,132732,1634,149169,3208,123209,2059,154745,2225,173693,4413,69562,3516,51590,7247,84875,5520,78262,14762,116069,2366,134492,4381,164059,4091,141701,4288,125899,10067,131833,9436,58834,3693,101783,3561,168708,2738,149783,4487,71780,2362,63831,1941,51345,2334,121235,5777,81076,3914,64994,3944,136408,12881,
Santa Barbara,1366.0,56365.0,733.0,0500000US06083,6748.0,693.0,107142.0,1.0,3719.0,1.0,18.0,144962,885,118575,1094,2595,284,1303,224,7020,421,167,96,10472,754,4830,415,48227,888,83497,892,9507,664,44429,991,51516,689,39510,637,95270,1048,42395,905,52875,1083,71080,1207,29627,845,16447,764,8809,574,7743,531,3959,422,40108,973,19757,873,17479,821,10000,627,4094,488,3832,378,12291,524,29100,931,39272,1202,14607,781,49692,1095,27533,823,20344,780,7189,641,22159,895,13926,723,8233,605,144962,885,81.8,0.6,1.8,0.2,0.9,0.2,4.8,0.3,0.1,0.1,7.2,0.5,3.3,0.3,33.3,0.5,57.6,0.6,6.6,0.4,30.6,0.6,35.5,0.5,27.3,0.4,95270,1048,44.5,0.9,55.5,0.9,74.6,0.8,31.1,0.8,17.3,0.8,9.2,0.6,8.1,0.6,4.2,0.4,42.1,0.9,20.7,0.8,18.3,0.8,10.5,0.7,4.3,0.5,4.0,0.4,12.9,0.5,30.5,1.0,41.2,1.1,15.3,0.8,49692,1095,55.4,1.3,40.9,1.3,14.5,1.3,44.6,1.3,28.0,1.3,16.6,1.1,71657,1476,74185,1512,54340,8975,48340,4913,76129,9970,84805,74690,54301,4807,66357,6358,56780,1879,84085,1855,35941,4218,71048,2576,89853,3030,59902,1943,81049,2034,69139,3184,91046,2788,96953,1874,90613,2391,40193,2010,33031,2522,60044,10059,50633,7482,82500,3848,80882,3387,83708,5108,69440,4435,78298,3319,93709,4244,52630,3666,54989,2639,97162,2795,106365,5756,47279,1953,41103,1780,35644,1757,63628,5678,54991,3256,45284,5107,76845,8127,
Santa Clara,4066.0,144826.0,2296.0,0500000US06085,25325.0,2759.0,511684.0,3.0,12664.0,25.0,61.0,635525,1810,327595,2036,16444,626,3007,327,219251,1360,2196,257,47379,1321,19653,1004,120112,1399,262475,1419,15350,737,236905,1691,250626,1405,132644,1230,456440,2710,213085,2244,243355,2382,361880,2974,173500,2291,63176,1506,27346,1069,31384,1059,12239,760,170433,2210,111329,2385,105628,1853,41098,1331,15714,792,12238,626,43736,1004,143643,2180,201432,2542,67629,1468,179085,2326,88343,1599,68971,1382,19372,988,90742,1617,61895,1458,28847,1100,635525,1810,51.5,0.3,2.6,0.1,0.5,0.1,34.5,0.2,0.3,0.1,7.5,0.2,3.1,0.2,18.9,0.2,41.3,0.2,2.4,0.1,37.3,0.2,39.4,0.2,20.9,0.2,456440,2710,46.7,0.4,53.3,0.4,79.3,0.4,38.0,0.4,13.8,0.3,6.0,0.2,6.9,0.2,2.7,0.2,37.3,0.4,24.4,0.5,23.1,0.4,9.0,0.3,3.4,0.2,2.7,0.1,9.6,0.2,31.5,0.4,44.1,0.5,14.8,0.3,179085,2326,49.3,0.6,38.5,0.6,10.8,0.5,50.7,0.6,34.6,0.7,16.1,0.6,116178,938,114827,1689,74284,3580,76886,10264,138903,1505,93391,14079,68787,2031,107453,4478,75313,1746,126093,1129,51953,4992,133276,1250,134014,1653,64213,1311,131554,1098,145339,2563,121928,1335,152859,1212,169143,2082,61437,1913,48133,2558,79799,2970,72752,6923,109720,2205,138667,2065,160073,1816,130552,5220,125616,7377,132237,6827,47726,2156,104472,1544,168911,1842,156427,2518,72124,1511,56049,1720,44465,1946,116799,5464,90642,2376,72450,2694,136781,5970,
Santa Cruz,1395.0,22438.0,283.0,0500000US06087,4325.0,627.0,95249.0,5.0,4485.0,4.0,10.0,95756,961,79146,1015,840,158,589,180,3884,283,84,73,8145,607,3068,361,22077,604,66739,822,3761,418,25981,722,40008,576,26006,507,61058,1194,24883,828,36175,1088,46535,1199,18086,849,10089,690,4543,559,4434,447,2254,346,28334,1097,12521,752,11832,653,4873,460,1946,288,1552,338,7770,544,18967,830,25799,1080,8522,585,34698,1079,18601,766,13805,757,4796,558,16097,796,10781,675,5316,631,95756,961,82.7,0.8,0.9,0.2,0.6,0.2,4.1,0.3,0.1,0.1,8.5,0.6,3.2,0.4,23.1,0.6,69.7,0.6,3.9,0.4,27.1,0.6,41.8,0.6,27.2,0.5,61058,1194,40.8,1.2,59.2,1.2,76.2,1.2,29.6,1.3,16.5,1.1,7.4,0.9,7.3,0.7,3.7,0.6,46.4,1.3,20.5,1.2,19.4,1.0,8.0,0.7,3.2,0.5,2.5,0.6,12.7,0.8,31.1,1.2,42.3,1.5,14.0,1.0,34698,1079,53.6,1.6,39.8,1.9,13.8,1.6,46.4,1.6,31.1,1.6,15.3,1.7,78041,1462,81910,2262,50833,13134,70208,27524,63333,9149,-,**,54827,2841,61929,19262,54327,1921,88710,2089,21615,7339,76681,3894,100877,3027,59375,3775,96327,3242,91054,4590,99800,3715,112154,3422,114809,5482,48236,2539,32174,4932,75478,10132,66500,15043,87873,4098,103837,5605,118413,10098,83310,11616,73553,21469,103200,30667,55053,4913,69315,3397,118256,5941,125647,5997,47352,3684,41937,2787,32419,2549,75078,6815,53782,3119,44488,5396,80621,9171,
Shasta,520.0,51778.0,439.0,0500000US06089,3382.0,329.0,22301.0,0.0,1300.0,2.0,2.0,70473,580,63957,678,705,134,1532,225,1465,139,37,44,988,248,1789,224,4986,295,60376,655,2488,259,18888,501,27174,434,21923,386,46145,852,16903,588,29242,710,34339,824,10826,544,8230,619,4161,423,3576,375,1916,277,25466,649,8846,613,6797,511,3338,323,1127,237,571,159,10593,545,16937,717,15531,642,3084,325,24328,795,12956,642,10751,559,2205,252,11372,555,8902,505,2470,329,70473,580,90.8,0.6,1.0,0.2,2.2,0.3,2.1,0.2,0.1,0.1,1.4,0.4,2.5,0.3,7.1,0.4,85.7,0.6,3.5,0.4,26.8,0.6,38.6,0.6,31.1,0.6,46145,852,36.6,1.1,63.4,1.1,74.4,1.3,23.5,1.1,17.8,1.3,9.0,0.9,7.7,0.8,4.2,0.6,55.2,1.1,19.2,1.2,14.7,1.1,7.2,0.7,2.4,0.5,1.2,0.3,23.0,1.2,36.7,1.3,33.7,1.2,6.7,0.7,24328,795,53.3,1.8,44.2,1.6,9.1,1.0,46.7,1.8,36.6,1.8,10.2,1.3,50905,1445,51338,1560,37399,4413,43790,10691,75655,15149,33194,19684,36974,11693,47943,9864,41423,4207,51834,1607,33920,5323,53606,3203,61192,2178,43485,1400,63205,1213,58395,4686,65279,2152,72942,1715,76869,3691,33444,3543,24099,3193,43031,6383,37588,7896,59430,2543,64322,4856,71016,4877,72833,11856,91771,22100,56964,30103,41134,2251,49723,2859,85096,2983,115035,6923,28151,1828,26152,1189,23095,2048,48083,10614,32072,2278,27587,2778,53375,5404,
Sierra,20.0,1048.0,6.0,0500000US06091,98.0,15.0,601.0,0.0,42.0,0.0,0.0,1241,141,1223,134,0,12,10,13,0,12,0,12,0,12,8,11,138,62,1085,120,4,6,139,72,510,102,588,77,720,118,129,52,591,92,563,98,71,37,88,48,24,21,69,54,34,40,546,92,81,50,51,35,35,26,7,9,0,12,214,84,199,72,271,91,36,27,521,114,258,82,242,85,16,18,263,88,249,84,14,16,1241,141,98.5,1.4,0.0,2.8,0.8,1.0,0.0,2.8,0.0,2.8,0.0,2.8,0.6,0.9,11.1,4.5,87.4,4.7,0.3,0.4,11.2,5.0,41.1,6.6,47.4,6.4,720,118,17.9,5.6,82.1,5.6,78.2,8.0,9.9,4.5,12.2,6.1,3.3,3.0,9.6,7.2,4.7,5.4,75.8,6.9,11.3,6.4,7.1,4.5,4.9,3.7,1.0,1.2,0.0,4.7,29.7,11.1,27.6,9.0,37.6,10.6,5.0,3.6,521,114,49.5,12.2,46.4,13.2,3.1,3.6,50.5,12.2,47.8,12.0,2.7,3.0,48125,7465,48661,7951,-,**,-,**,-,**,-,**,-,**,-,**,21667,14907,51192,9313,-,**,59531,48447,73000,41664,45297,6017,76875,15457,62321,55773,77422,19696,96518,23965,99063,28711,52500,41913,-,**,52639,27300,48426,5057,77981,28967,69125,66063,73750,47485,73125,28896,-,**,-,**,45678,5109,50391,7794,113438,30268,112656,27442,22679,12775,33889,19929,33889,23952,35000,17500,19198,3773,18937,2047,-,**,
Siskiyou,269.0,11341.0,104.0,0500000US06093,875.0,88.0,7234.0,0.0,575.0,1.0,5.0,19257,305,17092,278,240,74,697,100,156,41,20,10,243,81,809,115,1705,171,15854,278,697,139,4275,209,7363,236,6922,192,11671,438,3980,247,7691,327,8753,356,2564,188,1884,229,789,153,1034,192,627,160,7164,384,1904,230,1625,202,518,103,378,100,82,38,3172,263,3783,307,4018,289,698,151,7586,426,3892,294,3245,262,647,139,3694,279,2932,281,762,170,19257,305,88.8,0.8,1.2,0.4,3.6,0.5,0.8,0.2,0.1,0.1,1.3,0.4,4.2,0.6,8.9,0.8,82.3,1.1,3.6,0.7,22.2,1.0,38.2,1.0,35.9,1.1,11671,438,34.1,1.6,65.9,1.6,75.0,2.1,22.0,1.7,16.1,1.8,6.8,1.2,8.9,1.6,5.4,1.3,61.4,2.0,16.3,1.9,13.9,1.7,4.4,0.9,3.2,0.9,0.7,0.3,27.2,2.0,32.4,2.2,34.4,2.2,6.0,1.3,7586,426,51.3,2.5,42.8,2.7,8.5,1.7,48.7,2.5,38.7,2.9,10.0,2.2,44200,2158,46313,2300,-,**,30528,8358,40000,21776,180833,132649,33456,8039,32266,9112,34922,7125,46898,2280,26369,7391,50464,3744,51167,4387,38235,1777,53909,2115,49825,5614,55080,2134,65917,3314,70857,5932,26437,2203,19135,3582,34479,3039,33149,4545,51308,2219,55357,7019,59189,4022,60000,16805,57143,12032,43000,18005,37013,2873,44005,2931,77113,4433,81719,11982,26792,2151,26114,2369,23705,2056,47232,13442,27857,4421,24089,2609,54048,11289,
Solano,1437.0,51920.0,557.0,0500000US06095,6254.0,804.0,102360.0,0.0,2771.0,0.0,10.0,149067,608,88536,818,21905,517,722,169,19515,516,1326,187,9850,601,7213,552,28962,632,72000,839,3999,405,47440,771,61312,783,36316,570,107267,1200,44814,1004,62453,1006,75917,1131,29578,844,22060,863,10673,637,9290,804,4563,602,45037,1091,24854,1050,20382,813,9938,627,4383,470,2673,325,14325,655,35447,1065,41485,1094,16010,658,41800,1154,22319,917,18422,836,3897,464,19481,827,14425,836,5056,480,149067,608,59.4,0.5,14.7,0.3,0.5,0.1,13.1,0.3,0.9,0.1,6.6,0.4,4.8,0.4,19.4,0.4,48.3,0.5,2.7,0.3,31.8,0.5,41.1,0.5,24.4,0.4,107267,1200,41.8,0.8,58.2,0.8,70.8,1.0,27.6,0.7,20.6,0.7,9.9,0.6,8.7,0.7,4.3,0.6,42.0,0.9,23.2,0.9,19.0,0.7,9.3,0.6,4.1,0.4,2.5,0.3,13.4,0.6,33.0,0.9,38.7,0.9,14.9,0.6,41800,1154,53.4,1.6,44.1,1.5,9.3,1.1,46.6,1.6,34.5,1.6,12.1,1.2,77609,1309,81137,1798,58262,2932,60305,9114,94257,3794,74875,20397,66702,3178,74992,5722,68486,3419,83481,1750,40592,5387,78296,2299,93090,2441,58525,1827,88335,1773,78577,2244,95306,1873,103201,1422,100890,2372,47158,1828,35390,3331,68680,6179,55131,14324,77887,2249,89771,4461,99857,3384,95863,6765,94619,4886,102761,7621,48662,2625,62935,2003,105414,2439,129853,3267,48420,1949,40849,2301,35050,2263,74133,5011,54915,2738,50225,2183,81000,5465,
Sonoma,1835.0,51408.0,543.0,0500000US06097,8987.0,679.0,160435.0,2.0,7347.0,8.0,9.0,189339,918,156571,1312,2272,304,1685,273,6500,377,302,89,14965,860,7044,636,32517,691,142090,920,4002,374,52294,902,75373,916,57670,704,120415,1591,48137,1207,72278,1176,91217,1653,34290,1063,19071,799,9170,654,10127,713,4677,508,57997,1316,26067,1034,21813,962,9508,598,3087,377,1943,276,16347,693,36427,1095,51313,1423,16328,742,68924,1400,39654,1052,31941,981,7713,607,29270,862,20677,800,8593,633,189339,918,82.7,0.6,1.2,0.2,0.9,0.1,3.4,0.2,0.2,0.1,7.9,0.5,3.7,0.3,17.2,0.3,75.0,0.4,2.1,0.2,27.6,0.4,39.8,0.5,30.5,0.4,120415,1591,40.0,0.8,60.0,0.8,75.8,0.8,28.5,0.7,15.8,0.7,7.6,0.5,8.4,0.6,3.9,0.4,48.2,0.8,21.6,0.8,18.1,0.8,7.9,0.5,2.6,0.3,1.6,0.2,13.6,0.6,30.3,0.8,42.6,0.9,13.6,0.6,68924,1400,57.5,0.9,46.3,1.0,11.2,0.9,42.5,0.9,30.0,1.0,12.5,0.9,76753,1039,79705,1334,62656,12221,78304,15345,76200,7838,81479,7749,56476,3240,76986,5761,62419,2281,81239,1583,36796,3712,79507,1787,91735,2007,59414,1689,91937,1702,85125,2970,95327,1721,106699,1817,109213,3501,53275,2206,41476,5493,59811,4149,47832,6122,87899,2035,94685,4346,105013,4542,90271,6999,84349,6419,112433,22298,59511,3445,68761,3009,111892,2206,122138,6402,47768,1559,42424,1529,36060,1878,74698,5163,55241,2390,42487,1995,83359,4592,
Stanislaus,1184.0,78494.0,563.0,0500000US06099,6662.0,986.0,81647.0,0.0,2562.0,2.0,46.0,172682,777,137535,1322,5216,370,1554,220,8719,439,997,150,14095,851,4566,470,60920,906,92850,838,5519,458,61299,946,66450,779,39414,681,127767,1320,62209,1273,65558,1183,89860,1456,42188,1206,25840,917,14102,771,12067,846,5919,645,46342,1190,27691,1110,27133,945,15311,893,6850,603,4440,474,18680,739,45842,1274,46687,1406,16558,854,44915,1219,24108,826,20157,771,3951,385,20807,939,15267,750,5540,671,172682,777,79.6,0.6,3.0,0.2,0.9,0.1,5.0,0.3,0.6,0.1,8.2,0.5,2.6,0.3,35.3,0.5,53.8,0.5,3.2,0.3,35.5,0.5,38.5,0.4,22.8,0.4,127767,1320,48.7,0.8,51.3,0.8,70.3,0.9,33.0,0.9,20.2,0.7,11.0,0.6,9.4,0.7,4.6,0.5,36.3,0.8,21.7,0.8,21.2,0.7,12.0,0.7,5.4,0.5,3.5,0.4,14.6,0.5,35.9,0.9,36.5,1.0,13.0,0.7,44915,1219,53.7,1.4,44.9,1.4,8.8,0.8,46.3,1.4,34.0,1.5,12.3,1.4,57387,1316,58745,1513,44868,8062,42015,11074,68149,5667,64349,4675,50090,3057,53674,3855,50805,1520,63611,1445,32976,3255,61551,2047,68801,2457,42099,1599,63643,1548,56676,1985,69382,1652,77111,1697,74518,2353,33957,1714,26120,1819,51115,2823,41900,3546,58832,1549,59809,2694,69871,3404,70398,3556,68851,6514,75958,4509,30629,1804,47661,1602,83774,1727,103620,2862,34344,1683,28491,1865,25020,1898,49298,7238,43044,3721,35452,4303,65811,8157,
Sutter,120.0,18176.0,134.0,0500000US06101,1437.0,198.0,13076.0,0.0,382.0,0.0,0.0,32360,312,24662,410,705,140,331,87,3770,312,131,45,1218,236,1543,288,7722,317,18719,407,1091,184,10801,368,12388,340,8080,260,23697,504,11463,442,12234,527,17424,614,7824,387,3936,401,2358,317,2337,346,1281,294,9121,459,5225,428,4438,482,2504,336,1417,210,992,193,3526,336,8308,611,8785,612,3078,328,8663,463,4516,320,3991,316,525,128,4147,313,3022,293,1125,205,32360,312,76.2,1.1,2.2,0.4,1.0,0.3,11.7,0.9,0.4,0.1,3.8,0.7,4.8,0.9,23.9,0.9,57.8,1.2,3.4,0.6,33.4,1.0,38.3,1.1,25.0,0.8,23697,504,48.4,1.7,51.6,1.7,73.5,2.2,33.0,1.5,16.6,1.6,10.0,1.3,9.9,1.4,5.4,1.2,38.5,1.6,22.0,1.8,18.7,1.9,10.6,1.4,6.0,0.9,4.2,0.8,14.9,1.4,35.1,2.4,37.1,2.4,13.0,1.4,8663,463,52.1,2.5,46.1,2.6,6.1,1.5,47.9,2.5,34.9,2.9,13.0,2.2,56955,2206,57539,2846,59766,15848,47625,19863,57787,6809,95573,55400,54261,6114,50679,7831,43650,3278,64506,2252,31658,11125,56049,2330,70520,3033,46098,3235,63748,2086,57312,3224,70463,4482,73107,3182,70269,5601,34851,4446,29500,6950,53239,6723,47556,20668,63716,2870,61004,5118,63885,5172,59038,9592,69484,9548,87685,18550,31447,3891,52625,3925,77266,4812,97692,8800,36032,3198,29618,2766,26977,2691,56201,2380,42879,3972,36604,7235,65462,6800,
Tehama,139.0,15494.0,82.0,0500000US06103,953.0,138.0,6809.0,0.0,290.0,0.0,3.0,24025,435,21526,519,115,67,643,157,285,82,0,29,921,238,535,133,3926,246,18667,440,905,197,6997,346,8880,344,7243,323,16004,636,6580,398,9424,509,11500,637,4083,411,2836,353,1501,259,1668,301,996,256,8103,506,3006,398,2791,426,1352,266,425,144,327,126,3593,427,6073,522,5213,550,1125,231,8021,495,4013,448,3286,386,727,216,4008,302,3133,319,875,217,24025,435,89.6,1.2,0.5,0.3,2.7,0.7,1.2,0.3,0.0,0.1,3.8,1.0,2.2,0.6,16.3,0.9,77.7,1.3,3.8,0.8,29.1,1.3,37.0,1.4,30.1,1.2,16004,636,41.1,2.0,58.9,2.0,71.9,2.5,25.5,2.3,17.7,2.1,9.4,1.6,10.4,1.9,6.2,1.6,50.6,2.4,18.8,2.4,17.4,2.6,8.4,1.6,2.7,0.9,2.0,0.8,22.5,2.5,37.9,2.9,32.6,3.2,7.0,1.4,8021,495,50.0,3.6,41.0,3.5,9.1,2.5,50.0,3.6,39.1,3.9,10.9,2.7,42899,2347,43441,2350,-,**,31413,5112,-,**,-,**,42306,10274,35313,22658,40980,6483,44511,3135,24180,4613,44790,4648,51168,4632,38059,2903,52602,3709,44600,4020,58471,4020,62114,5726,59531,7652,27012,5308,22108,3666,42037,11320,29846,12745,50747,4390,53889,9978,64159,11725,52319,15611,34361,13926,51767,20392,31606,3329,42311,3404,75669,4948,100515,22327,24773,1887,24150,1685,22778,1987,44391,16653,26545,4096,22765,2994,42865,6330,
Trinity,80.0,2812.0,18.0,0500000US06105,302.0,21.0,2214.0,0.0,239.0,0.0,0.0,5796,216,5161,199,14,22,331,103,58,29,56,62,65,34,111,50,146,83,5063,203,76,59,1275,120,2185,177,2260,132,3477,262,1099,165,2378,235,2558,270,566,143,549,163,314,116,370,142,219,106,2408,252,433,109,313,104,212,96,70,52,41,30,1120,169,1138,187,1108,226,111,55,2319,251,1247,184,1008,171,239,98,1072,177,944,178,128,63,5796,216,89.0,1.4,0.2,0.4,5.7,1.8,1.0,0.5,1.0,1.1,1.1,0.6,1.9,0.9,2.5,1.4,87.4,1.8,1.3,1.0,22.0,1.8,37.7,2.7,39.0,2.1,3477,262,31.6,4.2,68.4,4.2,73.6,5.5,16.3,3.9,15.8,4.5,9.0,3.3,10.6,4.0,6.3,3.1,69.3,4.8,12.5,3.1,9.0,2.9,6.1,2.8,2.0,1.5,1.2,0.8,32.2,4.7,32.7,5.1,31.9,5.5,3.2,1.5,2319,251,53.8,5.6,43.5,6.1,10.3,4.0,46.2,5.6,40.7,6.1,5.5,2.6,38497,4689,38575,4616,-,**,53036,32010,16667,14911,-,**,79063,65843,49375,19953,75962,52043,38260,4581,47727,26118,42525,8010,32431,7795,41196,4134,51582,8198,39647,7751,59474,12973,60658,8552,58036,14555,26583,18163,24375,18850,-,**,-,**,47500,8912,56518,16351,60268,14187,40391,39396,-,**,157250,141727,37222,9855,46359,10294,69028,8814,114148,88909,23598,3474,22188,3850,20545,3832,35819,11699,26600,5635,25217,11553,42917,14575,
Tulare,226.0,58299.0,163.0,0500000US06107,3800.0,636.0,47585.0,0.0,1620.0,0.0,5.0,136106,817,107474,1339,2068,247,1580,248,4441,327,139,53,17045,881,3359,487,73806,820,53295,696,5187,456,51821,821,50625,932,28473,623,104650,1337,54508,1029,50142,1076,70883,1328,35299,988,22622,958,13099,779,11145,807,6110,734,33880,1129,22104,1161,22944,988,14156,722,6617,532,4949,444,15321,820,39741,1429,37095,1300,12493,788,31456,1252,15694,821,13178,771,2516,342,15762,852,11818,773,3944,448,136106,817,79.0,0.8,1.5,0.2,1.2,0.2,3.3,0.2,0.1,0.1,12.5,0.7,2.5,0.4,54.2,0.5,39.2,0.4,3.8,0.3,38.1,0.6,37.2,0.6,20.9,0.5,104650,1337,52.1,0.8,47.9,0.8,67.7,1.0,33.7,0.9,21.6,0.9,12.5,0.7,10.6,0.7,5.8,0.7,32.4,0.9,21.1,1.0,21.9,0.9,13.5,0.7,6.3,0.5,4.7,0.4,14.6,0.8,38.0,1.2,35.4,1.2,11.9,0.8,31456,1252,49.9,1.8,41.9,1.7,8.0,1.1,50.1,1.8,37.6,1.9,12.5,1.3,47518,1141,48458,1271,38171,5800,40278,9757,56552,9174,-,**,41691,2702,53472,12238,39443,1344,61915,2327,30539,5444,46938,1541,57741,2377,39519,1847,50934,1251,43645,1907,59588,1940,64001,1565,58546,3028,27309,1500,21109,994,37840,2033,35485,5143,51617,2475,47567,2342,52286,3500,49443,3139,52873,3744,58057,5568,22291,1366,36662,1137,72092,2095,83411,4182,29977,1855,25888,1645,22993,1862,44719,8735,33687,1793,30034,3336,44257,7123,
Tuolumne,236.0,14551.0,71.0,0500000US06109,1101.0,63.0,9123.0,0.0,384.0,0.0,0.0,22427,607,20611,550,72,50,369,114,163,39,31,30,350,135,831,195,1766,266,19495,504,617,194,4839,287,8650,348,8321,274,13770,651,4290,368,9480,539,10891,602,3118,333,1855,346,806,238,1024,258,366,184,7984,474,2411,383,1932,320,1011,228,176,88,256,121,3773,361,4228,476,4571,475,1198,227,8657,692,4544,426,3676,336,868,227,4113,500,3148,464,965,265,22427,607,91.9,1.1,0.3,0.2,1.6,0.5,0.7,0.2,0.1,0.1,1.6,0.6,3.7,0.8,7.9,1.1,86.9,1.4,2.8,0.8,21.6,1.1,38.6,1.3,37.1,1.2,13770,651,31.2,2.2,68.8,2.2,79.1,3.0,22.6,2.2,13.5,2.3,5.9,1.7,7.4,1.8,2.7,1.3,58.0,2.2,17.5,2.6,14.0,2.1,7.3,1.6,1.3,0.6,1.9,0.9,27.4,2.5,30.7,2.9,33.2,2.8,8.7,1.7,8657,692,52.5,3.6,42.5,3.3,10.0,2.4,47.5,3.6,36.4,4.0,11.1,2.9,56493,3992,57175,4040,-,**,41488,17403,59583,49587,-,**,44179,4736,72481,10302,49160,4832,57438,3923,40069,19851,74498,9425,59418,6996,48682,4077,72299,2835,79743,5046,68218,6382,81160,3527,106100,18022,31960,5030,20417,5796,55278,22156,59677,8506,61320,3572,71034,10608,96458,20821,92550,30886,118148,35980,121250,34533,43607,5828,59703,3820,99182,15827,130000,33311,33201,3405,28258,3110,25785,2836,58160,11792,39092,4678,31803,4215,66420,12403,
Ventura,2031.0,132323.0,1422.0,0500000US06111,13679.0,1481.0,194402.0,4.0,6315.0,9.0,60.0,271226,1122,227989,1301,4446,349,1814,234,19063,448,474,107,10100,718,7340,583,82722,967,159737,1047,5052,486,78565,1297,116626,1138,70983,851,197226,1611,84465,1305,112761,1341,150646,1639,63468,1169,32123,1075,14983,831,14457,812,6014,451,77162,1464,43853,1419,41543,1274,19868,954,8384,566,6416,526,23431,786,59318,1387,81917,1396,32560,1136,74000,1344,40768,1056,33887,1075,6881,611,33232,1008,24679,1022,8553,630,271226,1122,84.1,0.3,1.6,0.1,0.7,0.1,7.0,0.2,0.2,0.1,3.7,0.3,2.7,0.2,30.5,0.3,58.9,0.3,1.9,0.2,29.0,0.4,43.0,0.4,26.2,0.3,197226,1611,42.8,0.5,57.2,0.5,76.4,0.6,32.2,0.5,16.3,0.5,7.6,0.4,7.3,0.4,3.0,0.2,39.1,0.7,22.2,0.7,21.1,0.6,10.1,0.5,4.3,0.3,3.3,0.3,11.9,0.4,30.1,0.6,41.5,0.6,16.5,0.6,74000,1344,55.1,1.1,45.8,1.2,9.3,0.8,44.9,1.1,33.4,1.1,11.6,0.9,84017,1199,82815,1245,79785,10965,79386,10217,108863,4828,97039,15297,67475,3385,86196,5895,66135,1846,93197,1367,49300,3130,84724,2040,99674,1536,61633,1488,94340,1080,90428,1688,97945,1484,109274,1812,108974,2778,49634,1792,37386,2825,63626,4221,53374,3212,86445,1703,95994,3712,105695,3115,94019,3122,94567,5523,99975,6021,50518,1713,70712,2454,111125,1908,123931,2666,51200,1361,41774,1693,35918,1900,83862,7218,63524,1643,52485,2557,95907,4275,
Yolo,844.0,20739.0,256.0,0500000US06113,3346.0,358.0,54752.0,0.0,1779.0,5.0,11.0,73510,592,54218,803,2221,269,482,166,9030,442,230,61,4377,439,2952,315,18165,467,41726,693,8300,435,24042,524,25582,451,15586,386,46152,695,21967,641,24185,695,35239,854,16343,601,7623,540,3858,475,3290,419,1766,353,19046,755,10881,667,9723,704,3996,394,1425,243,1081,238,5970,409,14638,732,20256,653,5288,435,27358,719,14695,575,9796,549,4899,347,12663,535,7200,501,5463,417,73510,592,73.8,0.9,3.0,0.4,0.7,0.2,12.3,0.6,0.3,0.1,6.0,0.6,4.0,0.4,24.7,0.6,56.8,0.8,11.3,0.6,32.7,0.6,34.8,0.6,21.2,0.5,46152,695,47.6,1.2,52.4,1.2,76.4,1.4,35.4,1.3,16.5,1.2,8.4,1.0,7.1,0.9,3.8,0.8,41.3,1.4,23.6,1.4,21.1,1.6,8.7,0.9,3.1,0.5,2.3,0.5,12.9,0.8,31.7,1.5,43.9,1.3,11.5,0.9,27358,719,53.7,1.5,35.8,1.7,17.9,1.2,46.3,1.5,26.3,1.6,20.0,1.5,65923,2023,70407,1658,42695,15367,48056,13861,58306,7210,46333,44718,53897,1805,60185,8031,53821,1395,75939,2242,20109,2341,71699,2163,85591,3622,56479,3551,84824,2960,79248,3723,89386,3858,98842,3199,99386,4835,41035,3813,30033,3952,69712,7909,62000,16602,82716,3174,83602,8279,101847,6178,77361,9812,81745,8244,69375,19911,41530,4375,59798,4623,109404,5184,113125,14340,36004,2000,31672,2605,30503,2445,36864,5888,40780,3130,35761,5493,45564,5770,
Yuba,138.0,13170.0,111.0,0500000US06115,1063.0,168.0,7910.0,0.0,438.0,0.0,0.0,26179,329,21074,403,729,136,380,112,1276,176,108,56,1194,235,1418,229,5719,262,17038,302,1355,205,9443,340,9438,318,5943,229,18583,485,9006,493,9577,475,13316,597,5906,476,3576,386,2140,327,1691,282,960,257,7860,469,3597,388,3641,383,1995,315,800,181,690,195,3236,344,7033,586,6428,536,1886,276,7596,461,3780,279,3033,275,747,194,3816,406,2709,347,1107,287,26179,329,80.5,1.4,2.8,0.5,1.5,0.4,4.9,0.7,0.4,0.2,4.6,0.9,5.4,0.9,21.8,1.0,65.1,1.0,5.2,0.8,36.1,1.2,36.1,1.2,22.7,0.8,18583,485,48.5,2.3,51.5,2.3,71.7,2.5,31.8,2.4,19.2,2.0,11.5,1.7,9.1,1.5,5.2,1.4,42.3,2.2,19.4,2.0,19.6,2.0,10.7,1.7,4.3,1.0,3.7,1.1,17.4,1.7,37.8,3.1,34.6,2.8,10.1,1.4,7596,461,49.8,3.4,39.9,3.6,9.8,2.5,50.2,3.4,35.7,3.6,14.6,3.5,52624,2827,53695,3237,94070,9385,30724,6760,41400,29039,51364,12169,42028,5231,42703,8260,45128,3958,55989,2729,37012,4414,59481,6080,59389,2984,40944,3889,60743,3976,53696,6420,66470,4945,74972,2869,76031,4361,30564,3583,24085,4295,50837,6657,39756,13420,53664,6447,55913,7108,67352,12151,69844,17913,62500,20236,116923,22471,27685,3684,44974,4073,82591,7052,115496,11035,31310,3116,25000,3214,20761,2941,60982,11819,40444,4597,31172,7811,54340,14245,
